TOKEN	NE-COARSE-LIT	NE-COARSE-METO	NE-FINE-LIT	NE-FINE-METO	NE-FINE-COMP	NE-NESTED	NEL-LIT	NEL-METO	MISC
# evalatin2026:version = v0.1
# evalatin2026:title = Aeneid
# evalatin2026:original_source = data/preparation/corpus/la/curated/aeneid1-110_lat.xmi
# evalatin2026:license = CC-BY
# evalatin2026:document_id = aeneid1-110_lat
# evalatin2026:author = Vergil
# evalatin2026:applicable_columns = TOKEN NE-COARSE-LIT NE-FINE-LIT MISC
Arma	O	_	O	_	_	O	_	_	_
virumque	O	_	O	_	_	O	_	_	_
cano	O	_	O	_	_	O	_	_	NoSpaceAfter
,	O	_	O	_	_	O	_	_	_
Troiae	B-place	_	B-place	_	_	O	_	_	_
qui	O	_	O	_	_	O	_	_	_
primus	O	_	O	_	_	O	_	_	_
ab	O	_	O	_	_	O	_	_	_
oris	O	_	O	_	_	O	_	_	NoSpaceAfter
Italiam	B-place	_	B-place	_	_	O	_	_	NoSpaceAfter
,	O	_	O	_	_	O	_	_	_
fato	O	_	O	_	_	O	_	_	_
profugus	O	_	O	_	_	O	_	_	NoSpaceAfter
,	O	_	O	_	_	O	_	_	_
Laviniaque	O	_	O	_	_	O	_	_	_
venit	O	_	O	_	_	O	_	_	NoSpaceAfter
litora	O	_	O	_	_	O	_	_	NoSpaceAfter
,	O	_	O	_	_	O	_	_	_
multum	O	_	O	_	_	O	_	_	_
ille	O	_	O	_	_	O	_	_	_
et	O	_	O	_	_	O	_	_	_
terris	O	_	O	_	_	O	_	_	_
iactatus	O	_	O	_	_	O	_	_	_
et	O	_	O	_	_	O	_	_	_
alto	O	_	O	_	_	O	_	_	NoSpaceAfter
vi	O	_	O	_	_	O	_	_	_
superum	O	_	O	_	_	O	_	_	_
saevae	O	_	O	_	_	O	_	_	_
memorem	O	_	O	_	_	O	_	_	_
Iunonis	B-person	_	B-person	_	_	O	_	_	_
ob	O	_	O	_	_	O	_	_	_
iram	O	_	O	_	_	O	_	_	NoSpaceAfter
;	O	_	O	_	_	O	_	_	NoSpaceAfter
multa	O	_	O	_	_	O	_	_	_
quoque	O	_	O	_	_	O	_	_	_
et	O	_	O	_	_	O	_	_	_
bello	O	_	O	_	_	O	_	_	_
passus	O	_	O	_	_	O	_	_	NoSpaceAfter
,	O	_	O	_	_	O	_	_	_
dum	O	_	O	_	_	O	_	_	_
conderet	O	_	O	_	_	O	_	_	_
urbem	O	_	O	_	_	O	_	_	NoSpaceAfter
,	O	_	O	_	_	O	_	_	NoSpaceAfter
inferretque	O	_	O	_	_	O	_	_	_
deos	O	_	O	_	_	O	_	_	_
Latio	B-place	_	B-place	_	_	O	_	_	NoSpaceAfter
,	O	_	O	_	_	O	_	_	_
genus	O	_	O	_	_	O	_	_	_
unde	O	_	O	_	_	O	_	_	_
Latinum	O	_	O	_	_	O	_	_	NoSpaceAfter
,	O	_	O	_	_	O	_	_	NoSpaceAfter
Albanique	B-collective	_	B-collective.ethnic	_	_	O	_	_	Partial-0:6
patres	O	_	O	_	_	O	_	_	NoSpaceAfter
,	O	_	O	_	_	O	_	_	_
atque	O	_	O	_	_	O	_	_	_
altae	O	_	O	_	_	O	_	_	_
moenia	O	_	O	_	_	O	_	_	_
Romae	B-place	_	B-place	_	_	O	_	_	NoSpaceAfter
.	O	_	O	_	_	O	_	_	EndOfSentence
8	O	_	O	_	_	O	_	_	NoSpaceAfter
Musa	B-person	_	B-person	_	_	O	_	_	NoSpaceAfter
,	O	_	O	_	_	O	_	_	_
mihi	O	_	O	_	_	O	_	_	_
causas	O	_	O	_	_	O	_	_	_
memora	O	_	O	_	_	O	_	_	NoSpaceAfter
,	O	_	O	_	_	O	_	_	_
quo	O	_	O	_	_	O	_	_	_
numine	O	_	O	_	_	O	_	_	_
laeso	O	_	O	_	_	O	_	_	NoSpaceAfter
,	O	_	O	_	_	O	_	_	NoSpaceAfter
quidve	O	_	O	_	_	O	_	_	_
dolens	O	_	O	_	_	O	_	_	NoSpaceAfter
,	O	_	O	_	_	O	_	_	_
regina	O	_	O	_	_	O	_	_	_
deum	O	_	O	_	_	O	_	_	_
tot	O	_	O	_	_	O	_	_	_
volvere	O	_	O	_	_	O	_	_	_
casus	O	_	O	_	_	O	_	_	NoSpaceAfter
insignem	O	_	O	_	_	O	_	_	_
pietate	O	_	O	_	_	O	_	_	_
virum	O	_	O	_	_	O	_	_	NoSpaceAfter
,	O	_	O	_	_	O	_	_	_
tot	O	_	O	_	_	O	_	_	_
adire	O	_	O	_	_	O	_	_	_
labores	O	_	O	_	_	O	_	_	NoSpaceAfter
impulerit	O	_	O	_	_	O	_	_	NoSpaceAfter
.	O	_	O	_	_	O	_	_	EndOfSentence
Tantaene	O	_	O	_	_	O	_	_	_
animis	O	_	O	_	_	O	_	_	_
caelestibus	O	_	O	_	_	O	_	_	_
irae	O	_	O	_	_	O	_	_	NoSpaceAfter
?	O	_	O	_	_	O	_	_	EndOfSentence
12	O	_	O	_	_	O	_	_	NoSpaceAfter
Urbs	O	_	O	_	_	O	_	_	_
antiqua	O	_	O	_	_	O	_	_	_
fuit	O	_	O	_	_	O	_	_	NoSpaceAfter
,	O	_	O	_	_	O	_	_	_
Tyrii	B-collective	_	B-collective.ethnic	_	_	O	_	_	_
tenuere	O	_	O	_	_	O	_	_	_
coloni	O	_	O	_	_	O	_	_	NoSpaceAfter
,	O	_	O	_	_	O	_	_	NoSpaceAfter
Karthago	B-place	_	B-place	_	_	O	_	_	NoSpaceAfter
,	O	_	O	_	_	O	_	_	_
Italiam	B-place	_	B-place	_	_	O	_	_	_
contra	O	_	O	_	_	O	_	_	_
Tiberinaque	B-place	_	B-place	_	_	O	_	_	Partial-0:8
longe	O	_	O	_	_	O	_	_	NoSpaceAfter
ostia	O	_	O	_	_	O	_	_	NoSpaceAfter
,	O	_	O	_	_	O	_	_	_
dives	O	_	O	_	_	O	_	_	_
opum	O	_	O	_	_	O	_	_	_
studiisque	O	_	O	_	_	O	_	_	_
asperrima	O	_	O	_	_	O	_	_	_
belli	O	_	O	_	_	O	_	_	NoSpaceAfter
;	O	_	O	_	_	O	_	_	NoSpaceAfter
quam	O	_	O	_	_	O	_	_	_
Iuno	B-person	_	B-person	_	_	O	_	_	_
fertur	O	_	O	_	_	O	_	_	_
terris	O	_	O	_	_	O	_	_	_
magis	O	_	O	_	_	O	_	_	_
omnibus	O	_	O	_	_	O	_	_	_
unam	O	_	O	_	_	O	_	_	NoSpaceAfter
posthabita	O	_	O	_	_	O	_	_	_
coluisse	O	_	O	_	_	O	_	_	_
Samo	B-place	_	B-place	_	_	O	_	_	NoSpaceAfter
;	O	_	O	_	_	O	_	_	_
hic	O	_	O	_	_	O	_	_	_
illius	O	_	O	_	_	O	_	_	_
arma	O	_	O	_	_	O	_	_	NoSpaceAfter
,	O	_	O	_	_	O	_	_	NoSpaceAfter
hic	O	_	O	_	_	O	_	_	_
currus	O	_	O	_	_	O	_	_	_
fuit	O	_	O	_	_	O	_	_	NoSpaceAfter
;	O	_	O	_	_	O	_	_	_
hoc	O	_	O	_	_	O	_	_	_
regnum	O	_	O	_	_	O	_	_	_
dea	O	_	O	_	_	O	_	_	_
gentibus	O	_	O	_	_	O	_	_	_
esse	O	_	O	_	_	O	_	_	NoSpaceAfter
,	O	_	O	_	_	O	_	_	NoSpaceAfter
si	O	_	O	_	_	O	_	_	_
qua	O	_	O	_	_	O	_	_	_
fata	O	_	O	_	_	O	_	_	_
sinant	O	_	O	_	_	O	_	_	NoSpaceAfter
,	O	_	O	_	_	O	_	_	_
iam	O	_	O	_	_	O	_	_	_
tum	O	_	O	_	_	O	_	_	_
tenditque	O	_	O	_	_	O	_	_	_
fovetque	O	_	O	_	_	O	_	_	NoSpaceAfter
.	O	_	O	_	_	O	_	_	EndOfSentence
Progeniem	O	_	O	_	_	O	_	_	_
sed	O	_	O	_	_	O	_	_	_
enim	O	_	O	_	_	O	_	_	_
Troiano	B-place	_	B-place.derivative	_	_	O	_	_	_
a	O	_	O	_	_	O	_	_	_
sanguine	O	_	O	_	_	O	_	_	_
duci	O	_	O	_	_	O	_	_	NoSpaceAfter
audierat	O	_	O	_	_	O	_	_	NoSpaceAfter
,	O	_	O	_	_	O	_	_	_
Tyrias	B-person	_	B-person.derivative	_	_	O	_	_	_
olim	O	_	O	_	_	O	_	_	_
quae	O	_	O	_	_	O	_	_	_
verteret	O	_	O	_	_	O	_	_	_
arces	O	_	O	_	_	O	_	_	NoSpaceAfter
;	O	_	O	_	_	O	_	_	NoSpaceAfter
hinc	O	_	O	_	_	O	_	_	_
populum	O	_	O	_	_	O	_	_	_
late	O	_	O	_	_	O	_	_	_
regem	O	_	O	_	_	O	_	_	_
belloque	O	_	O	_	_	O	_	_	_
superbum	O	_	O	_	_	O	_	_	NoSpaceAfter
venturum	O	_	O	_	_	O	_	_	_
excidio	O	_	O	_	_	O	_	_	_
Libyae	B-place	_	B-place	_	_	O	_	_	NoSpaceAfter
:	O	_	O	_	_	O	_	_	_
sic	O	_	O	_	_	O	_	_	_
volvere	O	_	O	_	_	O	_	_	_
Parcas	B-collective	_	B-collective	_	_	O	_	_	NoSpaceAfter
.	O	_	O	_	_	O	_	_	EndOfSentence
Id	O	_	O	_	_	O	_	_	_
metuens	O	_	O	_	_	O	_	_	NoSpaceAfter
,	O	_	O	_	_	O	_	_	_
veterisque	O	_	O	_	_	O	_	_	_
memor	O	_	O	_	_	O	_	_	_
Saturnia	B-person	_	B-person.ancestry	_	_	O	_	_	_
belli	O	_	O	_	_	O	_	_	NoSpaceAfter
,	O	_	O	_	_	O	_	_	NoSpaceAfter
prima	O	_	O	_	_	O	_	_	_
quod	O	_	O	_	_	O	_	_	_
ad	O	_	O	_	_	O	_	_	_
Troiam	B-place	_	B-place	_	_	O	_	_	_
pro	O	_	O	_	_	O	_	_	_
caris	O	_	O	_	_	O	_	_	_
gesserat	O	_	O	_	_	O	_	_	_
Argis	B-collective	_	B-collective.ethnic	_	_	O	_	_	NoSpaceAfter
—	O	_	O	_	_	O	_	_	NoSpaceAfter
necdum	O	_	O	_	_	O	_	_	_
etiam	O	_	O	_	_	O	_	_	_
causae	O	_	O	_	_	O	_	_	_
irarum	O	_	O	_	_	O	_	_	_
saevique	O	_	O	_	_	O	_	_	_
dolores	O	_	O	_	_	O	_	_	NoSpaceAfter
exciderant	O	_	O	_	_	O	_	_	_
animo	O	_	O	_	_	O	_	_	NoSpaceAfter
:	O	_	O	_	_	O	_	_	_
manet	O	_	O	_	_	O	_	_	_
alta	O	_	O	_	_	O	_	_	_
mente	O	_	O	_	_	O	_	_	_
repostum	O	_	O	_	_	O	_	_	NoSpaceAfter
iudicium	O	_	O	_	_	O	_	_	_
Paridis	B-person	_	B-person	_	_	O	_	_	_
spretaeque	O	_	O	_	_	O	_	_	_
iniuria	O	_	O	_	_	O	_	_	_
formae	O	_	O	_	_	O	_	_	NoSpaceAfter
,	O	_	O	_	_	O	_	_	NoSpaceAfter
et	O	_	O	_	_	O	_	_	_
genus	O	_	O	_	_	O	_	_	_
invisum	O	_	O	_	_	O	_	_	NoSpaceAfter
,	O	_	O	_	_	O	_	_	_
et	O	_	O	_	_	O	_	_	_
rapti	O	_	O	_	_	O	_	_	_
Ganymedis	B-person	_	B-person	_	_	O	_	_	_
honores	O	_	O	_	_	O	_	_	NoSpaceAfter
.	O	_	O	_	_	O	_	_	EndOfSentence
His	O	_	O	_	_	O	_	_	_
accensa	O	_	O	_	_	O	_	_	_
super	O	_	O	_	_	O	_	_	NoSpaceAfter
,	O	_	O	_	_	O	_	_	_
iactatos	O	_	O	_	_	O	_	_	_
aequore	O	_	O	_	_	O	_	_	_
toto	O	_	O	_	_	O	_	_	NoSpaceAfter
Troas	B-collective	_	B-collective.ethnic	_	_	O	_	_	NoSpaceAfter
,	O	_	O	_	_	O	_	_	_
reliquias	O	_	O	_	_	O	_	_	_
Danaum	B-collective	_	B-collective.ethnic	_	_	O	_	_	_
atque	O	_	O	_	_	O	_	_	_
immitis	O	_	O	_	_	O	_	_	_
Achilli	B-person	_	B-person	_	_	O	_	_	NoSpaceAfter
,	O	_	O	_	_	O	_	_	NoSpaceAfter
arcebat	O	_	O	_	_	O	_	_	_
longe	O	_	O	_	_	O	_	_	_
Latio	B-place	_	B-place	_	_	O	_	_	NoSpaceAfter
,	O	_	O	_	_	O	_	_	_
multosque	O	_	O	_	_	O	_	_	_
per	O	_	O	_	_	O	_	_	_
annos	O	_	O	_	_	O	_	_	NoSpaceAfter
errabant	O	_	O	_	_	O	_	_	NoSpaceAfter
,	O	_	O	_	_	O	_	_	_
acti	O	_	O	_	_	O	_	_	_
fatis	O	_	O	_	_	O	_	_	NoSpaceAfter
,	O	_	O	_	_	O	_	_	_
maria	O	_	O	_	_	O	_	_	_
omnia	O	_	O	_	_	O	_	_	_
circum	O	_	O	_	_	O	_	_	NoSpaceAfter
.	O	_	O	_	_	O	_	_	EndOfSentence
Tantae	O	_	O	_	_	O	_	_	_
molis	O	_	O	_	_	O	_	_	_
erat	O	_	O	_	_	O	_	_	_
Romanam	O	_	O	_	_	O	_	_	_
condere	O	_	O	_	_	O	_	_	_
gentem	O	_	O	_	_	O	_	_	NoSpaceAfter
!	O	_	O	_	_	O	_	_	EndOfSentence
34	O	_	O	_	_	O	_	_	NoSpaceAfter
Vix	O	_	O	_	_	O	_	_	_
e	O	_	O	_	_	O	_	_	_
conspectu	O	_	O	_	_	O	_	_	_
Siculae	B-place	_	B-place	_	_	O	_	_	_
telluris	O	_	O	_	_	O	_	_	_
in	O	_	O	_	_	O	_	_	_
altum	O	_	O	_	_	O	_	_	NoSpaceAfter
vela	O	_	O	_	_	O	_	_	_
dabant	O	_	O	_	_	O	_	_	_
laeti	O	_	O	_	_	O	_	_	NoSpaceAfter
,	O	_	O	_	_	O	_	_	_
et	O	_	O	_	_	O	_	_	_
spumas	O	_	O	_	_	O	_	_	_
salis	O	_	O	_	_	O	_	_	_
aere	O	_	O	_	_	O	_	_	_
ruebant	O	_	O	_	_	O	_	_	NoSpaceAfter
,	O	_	O	_	_	O	_	_	NoSpaceAfter
cum	O	_	O	_	_	O	_	_	_
Iuno	B-person	_	B-person	_	_	O	_	_	NoSpaceAfter
,	O	_	O	_	_	O	_	_	_
aeternum	O	_	O	_	_	O	_	_	_
servans	O	_	O	_	_	O	_	_	_
sub	O	_	O	_	_	O	_	_	_
pectore	O	_	O	_	_	O	_	_	_
volnus	O	_	O	_	_	O	_	_	NoSpaceAfter
,	O	_	O	_	_	O	_	_	NoSpaceAfter
haec	O	_	O	_	_	O	_	_	_
secum	O	_	O	_	_	O	_	_	NoSpaceAfter
:	O	_	O	_	_	O	_	_	_
Mene	O	_	O	_	_	O	_	_	_
incepto	O	_	O	_	_	O	_	_	_
desistere	O	_	O	_	_	O	_	_	_
victam	O	_	O	_	_	O	_	_	NoSpaceAfter
,	O	_	O	_	_	O	_	_	NoSpaceAfter
nec	O	_	O	_	_	O	_	_	_
posse	O	_	O	_	_	O	_	_	_
Italia	B-place	_	B-place	_	_	O	_	_	_
Teucrorum	B-collective	_	B-collective.ethnic	_	_	O	_	_	_
avertere	O	_	O	_	_	O	_	_	_
regem	O	_	O	_	_	O	_	_	NoSpaceAfter
?	O	_	O	_	_	O	_	_	EndOfSentence
Quippe	O	_	O	_	_	O	_	_	_
vetor	O	_	O	_	_	O	_	_	_
fatis	O	_	O	_	_	O	_	_	NoSpaceAfter
.	O	_	O	_	_	O	_	_	EndOfSentence
Pallasne	B-person	_	B-person.epithet	_	_	O	_	_	Partial-0:6
exurere	O	_	O	_	_	O	_	_	_
classem	O	_	O	_	_	O	_	_	NoSpaceAfter
Argivum	B-collective	_	B-collective.ethnic	_	_	O	_	_	_
atque	O	_	O	_	_	O	_	_	_
ipsos	O	_	O	_	_	O	_	_	_
potuit	O	_	O	_	_	O	_	_	_
submergere	O	_	O	_	_	O	_	_	_
ponto	O	_	O	_	_	O	_	_	NoSpaceAfter
,	O	_	O	_	_	O	_	_	NoSpaceAfter
unius	O	_	O	_	_	O	_	_	_
ob	O	_	O	_	_	O	_	_	_
noxam	O	_	O	_	_	O	_	_	_
et	O	_	O	_	_	O	_	_	_
furias	O	_	O	_	_	O	_	_	_
Aiacis	B-person	_	B-person	_	_	O	_	_	_
Oilei	I-person	_	I-person	_	_	O	_	_	NoSpaceAfter
?	O	_	O	_	_	O	_	_	EndOfSentence
Ipsa	O	_	O	_	_	O	_	_	NoSpaceAfter
,	O	_	O	_	_	O	_	_	_
Iovis	B-person	_	B-person	_	_	O	_	_	_
rapidum	O	_	O	_	_	O	_	_	_
iaculata	O	_	O	_	_	O	_	_	_
e	O	_	O	_	_	O	_	_	_
nubibus	O	_	O	_	_	O	_	_	_
ignem	O	_	O	_	_	O	_	_	NoSpaceAfter
,	O	_	O	_	_	O	_	_	NoSpaceAfter
disiecitque	O	_	O	_	_	O	_	_	_
rates	O	_	O	_	_	O	_	_	_
evertitque	O	_	O	_	_	O	_	_	_
aequora	O	_	O	_	_	O	_	_	_
ventis	O	_	O	_	_	O	_	_	NoSpaceAfter
,	O	_	O	_	_	O	_	_	NoSpaceAfter
illum	O	_	O	_	_	O	_	_	_
expirantem	O	_	O	_	_	O	_	_	_
transfixo	O	_	O	_	_	O	_	_	_
pectore	O	_	O	_	_	O	_	_	_
flammas	O	_	O	_	_	O	_	_	NoSpaceAfter
turbine	O	_	O	_	_	O	_	_	_
corripuit	O	_	O	_	_	O	_	_	_
scopuloque	O	_	O	_	_	O	_	_	_
infixit	O	_	O	_	_	O	_	_	_
acuto	O	_	O	_	_	O	_	_	NoSpaceAfter
.	O	_	O	_	_	O	_	_	EndOfSentence
Ast	O	_	O	_	_	O	_	_	_
ego	O	_	O	_	_	O	_	_	NoSpaceAfter
,	O	_	O	_	_	O	_	_	_
quae	O	_	O	_	_	O	_	_	_
divom	O	_	O	_	_	O	_	_	_
incedo	O	_	O	_	_	O	_	_	_
regina	O	_	O	_	_	O	_	_	NoSpaceAfter
,	O	_	O	_	_	O	_	_	_
Iovisque	B-person	_	B-person	_	_	O	_	_	NoSpaceAfter|Partial-0:5
et	O	_	O	_	_	O	_	_	_
soror	O	_	O	_	_	O	_	_	_
et	O	_	O	_	_	O	_	_	_
coniunx	O	_	O	_	_	O	_	_	NoSpaceAfter
,	O	_	O	_	_	O	_	_	_
una	O	_	O	_	_	O	_	_	_
cum	O	_	O	_	_	O	_	_	_
gente	O	_	O	_	_	O	_	_	_
tot	O	_	O	_	_	O	_	_	_
annos	O	_	O	_	_	O	_	_	NoSpaceAfter
bella	O	_	O	_	_	O	_	_	_
gero	O	_	O	_	_	O	_	_	NoSpaceAfter
!	O	_	O	_	_	O	_	_	EndOfSentence
Et	O	_	O	_	_	O	_	_	_
quisquam	O	_	O	_	_	O	_	_	_
numen	O	_	O	_	_	O	_	_	_
Iunonis	B-person	_	B-person	_	_	O	_	_	_
adoret	O	_	O	_	_	O	_	_	NoSpaceAfter
praeterea	O	_	O	_	_	O	_	_	NoSpaceAfter
,	O	_	O	_	_	O	_	_	_
aut	O	_	O	_	_	O	_	_	_
supplex	O	_	O	_	_	O	_	_	_
aris	O	_	O	_	_	O	_	_	_
imponet	O	_	O	_	_	O	_	_	_
honorem	O	_	O	_	_	O	_	_	NoSpaceAfter
?	O	_	O	_	_	O	_	_	EndOfSentence
50	O	_	O	_	_	O	_	_	NoSpaceAfter
Talia	O	_	O	_	_	O	_	_	_
flammato	O	_	O	_	_	O	_	_	_
secum	O	_	O	_	_	O	_	_	_
dea	O	_	O	_	_	O	_	_	_
corde	O	_	O	_	_	O	_	_	_
volutans	O	_	O	_	_	O	_	_	NoSpaceAfter
nimborum	O	_	O	_	_	O	_	_	_
in	O	_	O	_	_	O	_	_	_
patriam	O	_	O	_	_	O	_	_	NoSpaceAfter
,	O	_	O	_	_	O	_	_	_
loca	O	_	O	_	_	O	_	_	_
feta	O	_	O	_	_	O	_	_	_
furentibus	O	_	O	_	_	O	_	_	_
austris	O	_	O	_	_	O	_	_	NoSpaceAfter
,	O	_	O	_	_	O	_	_	NoSpaceAfter
Aeoliam	B-place	_	B-place	_	_	O	_	_	_
venit	O	_	O	_	_	O	_	_	NoSpaceAfter
.	O	_	O	_	_	O	_	_	EndOfSentence
Hic	O	_	O	_	_	O	_	_	_
vasto	O	_	O	_	_	O	_	_	_
rex	O	_	O	_	_	O	_	_	_
Aeolus	B-person	_	B-person	_	_	O	_	_	_
antro	O	_	O	_	_	O	_	_	NoSpaceAfter
luctantes	O	_	O	_	_	O	_	_	_
ventos	O	_	O	_	_	O	_	_	_
tempestatesque	O	_	O	_	_	O	_	_	_
sonoras	O	_	O	_	_	O	_	_	NoSpaceAfter
imperio	O	_	O	_	_	O	_	_	_
premit	O	_	O	_	_	O	_	_	_
ac	O	_	O	_	_	O	_	_	_
vinclis	O	_	O	_	_	O	_	_	_
et	O	_	O	_	_	O	_	_	_
carcere	O	_	O	_	_	O	_	_	_
frenat	O	_	O	_	_	O	_	_	NoSpaceAfter
.	O	_	O	_	_	O	_	_	EndOfSentence
Illi	O	_	O	_	_	O	_	_	_
indignantes	O	_	O	_	_	O	_	_	_
magno	O	_	O	_	_	O	_	_	_
cum	O	_	O	_	_	O	_	_	_
murmure	O	_	O	_	_	O	_	_	_
montis	O	_	O	_	_	O	_	_	NoSpaceAfter
circum	O	_	O	_	_	O	_	_	_
claustra	O	_	O	_	_	O	_	_	_
fremunt	O	_	O	_	_	O	_	_	NoSpaceAfter
;	O	_	O	_	_	O	_	_	_
celsa	O	_	O	_	_	O	_	_	_
sedet	O	_	O	_	_	O	_	_	_
Aeolus	B-person	_	B-person	_	_	O	_	_	_
arce	O	_	O	_	_	O	_	_	NoSpaceAfter
sceptra	O	_	O	_	_	O	_	_	_
tenens	O	_	O	_	_	O	_	_	NoSpaceAfter
,	O	_	O	_	_	O	_	_	_
mollitque	O	_	O	_	_	O	_	_	_
animos	O	_	O	_	_	O	_	_	_
et	O	_	O	_	_	O	_	_	_
temperat	O	_	O	_	_	O	_	_	_
iras	O	_	O	_	_	O	_	_	NoSpaceAfter
.	O	_	O	_	_	O	_	_	EndOfSentence
Ni	O	_	O	_	_	O	_	_	_
faciat	O	_	O	_	_	O	_	_	NoSpaceAfter
,	O	_	O	_	_	O	_	_	_
maria	O	_	O	_	_	O	_	_	_
ac	O	_	O	_	_	O	_	_	_
terras	O	_	O	_	_	O	_	_	_
caelumque	O	_	O	_	_	O	_	_	_
profundum	O	_	O	_	_	O	_	_	NoSpaceAfter
quippe	O	_	O	_	_	O	_	_	_
ferant	O	_	O	_	_	O	_	_	_
rapidi	O	_	O	_	_	O	_	_	_
secum	O	_	O	_	_	O	_	_	_
verrantque	O	_	O	_	_	O	_	_	_
per	O	_	O	_	_	O	_	_	_
auras	O	_	O	_	_	O	_	_	NoSpaceAfter
.	O	_	O	_	_	O	_	_	EndOfSentence
Sed	O	_	O	_	_	O	_	_	_
pater	O	_	O	_	_	O	_	_	_
omnipotens	O	_	O	_	_	O	_	_	_
speluncis	O	_	O	_	_	O	_	_	_
abdidit	O	_	O	_	_	O	_	_	_
atris	O	_	O	_	_	O	_	_	NoSpaceAfter
,	O	_	O	_	_	O	_	_	NoSpaceAfter
hoc	O	_	O	_	_	O	_	_	_
metuens	O	_	O	_	_	O	_	_	NoSpaceAfter
,	O	_	O	_	_	O	_	_	_
molemque	O	_	O	_	_	O	_	_	_
et	O	_	O	_	_	O	_	_	_
montis	O	_	O	_	_	O	_	_	_
insuper	O	_	O	_	_	O	_	_	_
altos	O	_	O	_	_	O	_	_	NoSpaceAfter
imposuit	O	_	O	_	_	O	_	_	NoSpaceAfter
,	O	_	O	_	_	O	_	_	_
regemque	O	_	O	_	_	O	_	_	_
dedit	O	_	O	_	_	O	_	_	NoSpaceAfter
,	O	_	O	_	_	O	_	_	_
qui	O	_	O	_	_	O	_	_	_
foedere	O	_	O	_	_	O	_	_	_
certo	O	_	O	_	_	O	_	_	NoSpaceAfter
et	O	_	O	_	_	O	_	_	_
premere	O	_	O	_	_	O	_	_	_
et	O	_	O	_	_	O	_	_	_
laxas	O	_	O	_	_	O	_	_	_
sciret	O	_	O	_	_	O	_	_	_
dare	O	_	O	_	_	O	_	_	_
iussus	O	_	O	_	_	O	_	_	_
habenas	O	_	O	_	_	O	_	_	NoSpaceAfter
.	O	_	O	_	_	O	_	_	EndOfSentence
Ad	O	_	O	_	_	O	_	_	_
quem	O	_	O	_	_	O	_	_	_
tum	O	_	O	_	_	O	_	_	_
Iuno	B-person	_	B-person	_	_	O	_	_	_
supplex	O	_	O	_	_	O	_	_	_
his	O	_	O	_	_	O	_	_	_
vocibus	O	_	O	_	_	O	_	_	_
usa	O	_	O	_	_	O	_	_	_
est	O	_	O	_	_	O	_	_	NoSpaceAfter
:	O	_	O	_	_	O	_	_	NoSpaceAfter
65	O	_	O	_	_	O	_	_	NoSpaceAfter
Aeole	B-person	_	B-person	_	_	O	_	_	NoSpaceAfter
,	O	_	O	_	_	O	_	_	_
namque	O	_	O	_	_	O	_	_	_
tibi	O	_	O	_	_	O	_	_	_
divom	O	_	O	_	_	O	_	_	_
pater	O	_	O	_	_	O	_	_	_
atque	O	_	O	_	_	O	_	_	_
hominum	O	_	O	_	_	O	_	_	_
rex	O	_	O	_	_	O	_	_	NoSpaceAfter
et	O	_	O	_	_	O	_	_	_
mulcere	O	_	O	_	_	O	_	_	_
dedit	O	_	O	_	_	O	_	_	_
fluctus	O	_	O	_	_	O	_	_	_
et	O	_	O	_	_	O	_	_	_
tollere	O	_	O	_	_	O	_	_	_
vento	O	_	O	_	_	O	_	_	NoSpaceAfter
,	O	_	O	_	_	O	_	_	NoSpaceAfter
gens	O	_	O	_	_	O	_	_	_
inimica	O	_	O	_	_	O	_	_	_
mihi	O	_	O	_	_	O	_	_	_
Tyrrhenum	B-place	_	B-place	_	_	O	_	_	_
navigat	O	_	O	_	_	O	_	_	_
aequor	O	_	O	_	_	O	_	_	NoSpaceAfter
,	O	_	O	_	_	O	_	_	NoSpaceAfter
Ilium	B-place	_	B-place	_	_	O	_	_	_
in	O	_	O	_	_	O	_	_	_
Italiam	B-place	_	B-place	_	_	O	_	_	_
portans	O	_	O	_	_	O	_	_	_
victosque	O	_	O	_	_	O	_	_	_
Penates	B-collective	_	B-collective	_	_	O	_	_	NoSpaceAfter
:	O	_	O	_	_	O	_	_	NoSpaceAfter
incute	O	_	O	_	_	O	_	_	_
vim	O	_	O	_	_	O	_	_	_
ventis	O	_	O	_	_	O	_	_	_
submersasque	O	_	O	_	_	O	_	_	_
obrue	O	_	O	_	_	O	_	_	_
puppes	O	_	O	_	_	O	_	_	NoSpaceAfter
,	O	_	O	_	_	O	_	_	NoSpaceAfter
aut	O	_	O	_	_	O	_	_	_
age	O	_	O	_	_	O	_	_	_
diversos	O	_	O	_	_	O	_	_	_
et	O	_	O	_	_	O	_	_	_
disiice	O	_	O	_	_	O	_	_	_
corpora	O	_	O	_	_	O	_	_	_
ponto	O	_	O	_	_	O	_	_	NoSpaceAfter
.	O	_	O	_	_	O	_	_	EndOfSentence
Sunt	O	_	O	_	_	O	_	_	_
mihi	O	_	O	_	_	O	_	_	_
bis	O	_	O	_	_	O	_	_	_
septem	O	_	O	_	_	O	_	_	_
praestanti	O	_	O	_	_	O	_	_	_
corpore	O	_	O	_	_	O	_	_	_
nymphae	B-collective	_	B-collective	_	_	O	_	_	NoSpaceAfter
,	O	_	O	_	_	O	_	_	NoSpaceAfter
quarum	O	_	O	_	_	O	_	_	_
quae	O	_	O	_	_	O	_	_	_
forma	O	_	O	_	_	O	_	_	_
pulcherrima	O	_	O	_	_	O	_	_	_
Deiopea	B-person	_	B-person	_	_	O	_	_	NoSpaceAfter
,	O	_	O	_	_	O	_	_	NoSpaceAfter
conubio	O	_	O	_	_	O	_	_	_
iungam	O	_	O	_	_	O	_	_	_
stabili	O	_	O	_	_	O	_	_	_
propriamque	O	_	O	_	_	O	_	_	_
dicabo	O	_	O	_	_	O	_	_	NoSpaceAfter
,	O	_	O	_	_	O	_	_	NoSpaceAfter
omnis	O	_	O	_	_	O	_	_	_
ut	O	_	O	_	_	O	_	_	_
tecum	O	_	O	_	_	O	_	_	_
meritis	O	_	O	_	_	O	_	_	_
pro	O	_	O	_	_	O	_	_	_
talibus	O	_	O	_	_	O	_	_	_
annos	O	_	O	_	_	O	_	_	NoSpaceAfter
exigat	O	_	O	_	_	O	_	_	NoSpaceAfter
,	O	_	O	_	_	O	_	_	_
et	O	_	O	_	_	O	_	_	_
pulchra	O	_	O	_	_	O	_	_	_
faciat	O	_	O	_	_	O	_	_	_
te	O	_	O	_	_	O	_	_	_
prole	O	_	O	_	_	O	_	_	_
parentem	O	_	O	_	_	O	_	_	NoSpaceAfter
.	O	_	O	_	_	O	_	_	EndOfSentence
76	O	_	O	_	_	O	_	_	NoSpaceAfter
Aeolus	B-person	_	B-person	_	_	O	_	_	_
haec	O	_	O	_	_	O	_	_	_
contra	O	_	O	_	_	O	_	_	NoSpaceAfter
:	O	_	O	_	_	O	_	_	_
Tuus	O	_	O	_	_	O	_	_	NoSpaceAfter
,	O	_	O	_	_	O	_	_	_
O	O	_	O	_	_	O	_	_	_
regina	O	_	O	_	_	O	_	_	NoSpaceAfter
,	O	_	O	_	_	O	_	_	_
quid	O	_	O	_	_	O	_	_	_
optes	O	_	O	_	_	O	_	_	NoSpaceAfter
explorare	O	_	O	_	_	O	_	_	_
labor	O	_	O	_	_	O	_	_	NoSpaceAfter
;	O	_	O	_	_	O	_	_	_
mihi	O	_	O	_	_	O	_	_	_
iussa	O	_	O	_	_	O	_	_	_
capessere	O	_	O	_	_	O	_	_	_
fas	O	_	O	_	_	O	_	_	_
est	O	_	O	_	_	O	_	_	NoSpaceAfter
.	O	_	O	_	_	O	_	_	EndOfSentence
Tu	O	_	O	_	_	O	_	_	_
mihi	O	_	O	_	_	O	_	_	NoSpaceAfter
,	O	_	O	_	_	O	_	_	_
quodcumque	O	_	O	_	_	O	_	_	_
hoc	O	_	O	_	_	O	_	_	_
regni	O	_	O	_	_	O	_	_	NoSpaceAfter
,	O	_	O	_	_	O	_	_	_
tu	O	_	O	_	_	O	_	_	_
sceptra	O	_	O	_	_	O	_	_	_
Iovemque	B-person	_	B-person	_	_	O	_	_	NoSpaceAfter|Partial-0:5
concilias	O	_	O	_	_	O	_	_	NoSpaceAfter
,	O	_	O	_	_	O	_	_	_
tu	O	_	O	_	_	O	_	_	_
das	O	_	O	_	_	O	_	_	_
epulis	O	_	O	_	_	O	_	_	_
accumbere	O	_	O	_	_	O	_	_	_
divom	O	_	O	_	_	O	_	_	NoSpaceAfter
,	O	_	O	_	_	O	_	_	NoSpaceAfter
nimborumque	O	_	O	_	_	O	_	_	_
facis	O	_	O	_	_	O	_	_	_
tempestatumque	O	_	O	_	_	O	_	_	_
potentem	O	_	O	_	_	O	_	_	NoSpaceAfter
.	O	_	O	_	_	O	_	_	NoSpaceAfter
81	O	_	O	_	_	O	_	_	NoSpaceAfter
Haec	O	_	O	_	_	O	_	_	_
ubi	O	_	O	_	_	O	_	_	_
dicta	O	_	O	_	_	O	_	_	NoSpaceAfter
,	O	_	O	_	_	O	_	_	_
cavum	O	_	O	_	_	O	_	_	_
conversa	O	_	O	_	_	O	_	_	_
cuspide	O	_	O	_	_	O	_	_	_
montem	O	_	O	_	_	O	_	_	NoSpaceAfter
impulit	O	_	O	_	_	O	_	_	_
in	O	_	O	_	_	O	_	_	_
latus	O	_	O	_	_	O	_	_	NoSpaceAfter
:	O	_	O	_	_	O	_	_	_
ac	O	_	O	_	_	O	_	_	_
venti	O	_	O	_	_	O	_	_	NoSpaceAfter
,	O	_	O	_	_	O	_	_	_
velut	O	_	O	_	_	O	_	_	_
agmine	O	_	O	_	_	O	_	_	_
facto	O	_	O	_	_	O	_	_	NoSpaceAfter
,	O	_	O	_	_	O	_	_	NoSpaceAfter
qua	O	_	O	_	_	O	_	_	_
data	O	_	O	_	_	O	_	_	_
porta	O	_	O	_	_	O	_	_	NoSpaceAfter
,	O	_	O	_	_	O	_	_	_
ruunt	O	_	O	_	_	O	_	_	_
et	O	_	O	_	_	O	_	_	_
terras	O	_	O	_	_	O	_	_	_
turbine	O	_	O	_	_	O	_	_	_
perflant	O	_	O	_	_	O	_	_	NoSpaceAfter
.	O	_	O	_	_	O	_	_	EndOfSentence
Incubuere	O	_	O	_	_	O	_	_	_
mari	O	_	O	_	_	O	_	_	NoSpaceAfter
,	O	_	O	_	_	O	_	_	_
totumque	O	_	O	_	_	O	_	_	_
a	O	_	O	_	_	O	_	_	_
sedibus	O	_	O	_	_	O	_	_	_
imis	O	_	O	_	_	O	_	_	NoSpaceAfter
una	O	_	O	_	_	O	_	_	_
Eurusque	B-misc	_	B-misc	_	_	O	_	_	Partial-0:5
Notusque	B-misc	_	B-misc	_	_	O	_	_	Partial-0:5
ruunt	O	_	O	_	_	O	_	_	_
creberque	O	_	O	_	_	O	_	_	_
procellis	O	_	O	_	_	O	_	_	NoSpaceAfter
Africus	B-misc	_	B-misc	_	_	O	_	_	NoSpaceAfter
,	O	_	O	_	_	O	_	_	_
et	O	_	O	_	_	O	_	_	_
vastos	O	_	O	_	_	O	_	_	_
volvunt	O	_	O	_	_	O	_	_	_
ad	O	_	O	_	_	O	_	_	_
litora	O	_	O	_	_	O	_	_	_
fluctus	O	_	O	_	_	O	_	_	NoSpaceAfter
.	O	_	O	_	_	O	_	_	EndOfSentence
Insequitur	O	_	O	_	_	O	_	_	_
clamorque	O	_	O	_	_	O	_	_	_
virum	O	_	O	_	_	O	_	_	_
stridorque	O	_	O	_	_	O	_	_	_
rudentum	O	_	O	_	_	O	_	_	NoSpaceAfter
.	O	_	O	_	_	O	_	_	EndOfSentence
Eripiunt	O	_	O	_	_	O	_	_	_
subito	O	_	O	_	_	O	_	_	_
nubes	O	_	O	_	_	O	_	_	_
caelumque	O	_	O	_	_	O	_	_	_
diemque	O	_	O	_	_	O	_	_	NoSpaceAfter
Teucrorum	B-collective	_	B-collective.ethnic	_	_	O	_	_	_
ex	O	_	O	_	_	O	_	_	_
oculis	O	_	O	_	_	O	_	_	NoSpaceAfter
;	O	_	O	_	_	O	_	_	_
ponto	O	_	O	_	_	O	_	_	_
nox	O	_	O	_	_	O	_	_	_
incubat	O	_	O	_	_	O	_	_	_
atra	O	_	O	_	_	O	_	_	NoSpaceAfter
.	O	_	O	_	_	O	_	_	EndOfSentence
Intonuere	O	_	O	_	_	O	_	_	_
poli	O	_	O	_	_	O	_	_	NoSpaceAfter
,	O	_	O	_	_	O	_	_	_
et	O	_	O	_	_	O	_	_	_
crebris	O	_	O	_	_	O	_	_	_
micat	O	_	O	_	_	O	_	_	_
ignibus	O	_	O	_	_	O	_	_	_
aether	O	_	O	_	_	O	_	_	NoSpaceAfter
,	O	_	O	_	_	O	_	_	NoSpaceAfter
praesentemque	O	_	O	_	_	O	_	_	_
viris	O	_	O	_	_	O	_	_	_
intentant	O	_	O	_	_	O	_	_	_
omnia	O	_	O	_	_	O	_	_	_
mortem	O	_	O	_	_	O	_	_	NoSpaceAfter
.	O	_	O	_	_	O	_	_	EndOfSentence
Extemplo	O	_	O	_	_	O	_	_	_
Aeneae	B-person	_	B-person	_	_	O	_	_	_
solvuntur	O	_	O	_	_	O	_	_	_
frigore	O	_	O	_	_	O	_	_	_
membra	O	_	O	_	_	O	_	_	NoSpaceAfter
:	O	_	O	_	_	O	_	_	NoSpaceAfter
ingemit	O	_	O	_	_	O	_	_	NoSpaceAfter
,	O	_	O	_	_	O	_	_	_
et	O	_	O	_	_	O	_	_	_
duplicis	O	_	O	_	_	O	_	_	_
tendens	O	_	O	_	_	O	_	_	_
ad	O	_	O	_	_	O	_	_	_
sidera	O	_	O	_	_	O	_	_	_
palmas	O	_	O	_	_	O	_	_	NoSpaceAfter
talia	O	_	O	_	_	O	_	_	_
voce	O	_	O	_	_	O	_	_	_
refert	O	_	O	_	_	O	_	_	NoSpaceAfter
:	O	_	O	_	_	O	_	_	_
O	O	_	O	_	_	O	_	_	_
terque	O	_	O	_	_	O	_	_	_
quaterque	O	_	O	_	_	O	_	_	_
beati	O	_	O	_	_	O	_	_	NoSpaceAfter
,	O	_	O	_	_	O	_	_	NoSpaceAfter
quis	O	_	O	_	_	O	_	_	_
ante	O	_	O	_	_	O	_	_	_
ora	O	_	O	_	_	O	_	_	_
patrum	O	_	O	_	_	O	_	_	_
Troiae	B-place	_	B-place	_	_	O	_	_	_
sub	O	_	O	_	_	O	_	_	_
moenibus	O	_	O	_	_	O	_	_	_
altis	O	_	O	_	_	O	_	_	NoSpaceAfter
contigit	O	_	O	_	_	O	_	_	_
oppetere	O	_	O	_	_	O	_	_	NoSpaceAfter
!	O	_	O	_	_	O	_	_	EndOfSentence
O	O	_	O	_	_	O	_	_	_
Danaum	B-collective	_	B-collective.ethnic	_	_	O	_	_	_
fortissime	O	_	O	_	_	O	_	_	_
gentis	O	_	O	_	_	O	_	_	NoSpaceAfter
Tydide	B-person	_	B-person.ancestry	_	_	O	_	_	NoSpaceAfter
!	O	_	O	_	_	O	_	_	EndOfSentence
Mene	O	_	O	_	_	O	_	_	_
Iliacis	B-place	_	B-place	_	_	O	_	_	_
occumbere	O	_	O	_	_	O	_	_	_
campis	O	_	O	_	_	O	_	_	NoSpaceAfter
non	O	_	O	_	_	O	_	_	_
potuisse	O	_	O	_	_	O	_	_	NoSpaceAfter
,	O	_	O	_	_	O	_	_	_
tuaque	O	_	O	_	_	O	_	_	_
animam	O	_	O	_	_	O	_	_	_
hanc	O	_	O	_	_	O	_	_	_
effundere	O	_	O	_	_	O	_	_	_
dextra	O	_	O	_	_	O	_	_	NoSpaceAfter
,	O	_	O	_	_	O	_	_	NoSpaceAfter
saevus	O	_	O	_	_	O	_	_	_
ubi	O	_	O	_	_	O	_	_	_
Aeacidae	B-person	_	B-person	_	_	O	_	_	_
telo	O	_	O	_	_	O	_	_	_
iacet	O	_	O	_	_	O	_	_	_
Hector	B-person	_	B-person	_	_	O	_	_	NoSpaceAfter
,	O	_	O	_	_	O	_	_	_
ubi	O	_	O	_	_	O	_	_	_
ingens	O	_	O	_	_	O	_	_	NoSpaceAfter
Sarpedon	B-person	_	B-person	_	_	O	_	_	NoSpaceAfter
,	O	_	O	_	_	O	_	_	_
ubi	O	_	O	_	_	O	_	_	_
tot	O	_	O	_	_	O	_	_	_
Simois	B-place	_	B-place	_	_	O	_	_	_
correpta	O	_	O	_	_	O	_	_	_
sub	O	_	O	_	_	O	_	_	_
undis	O	_	O	_	_	O	_	_	NoSpaceAfter
scuta	O	_	O	_	_	O	_	_	_
virum	O	_	O	_	_	O	_	_	_
galeasque	O	_	O	_	_	O	_	_	_
et	O	_	O	_	_	O	_	_	_
fortia	O	_	O	_	_	O	_	_	_
corpora	O	_	O	_	_	O	_	_	_
volvit	O	_	O	_	_	O	_	_	NoSpaceAfter
?	O	_	O	_	_	O	_	_	EndOfSentence
102	O	_	O	_	_	O	_	_	NoSpaceAfter
Talia	O	_	O	_	_	O	_	_	_
iactanti	O	_	O	_	_	O	_	_	_
stridens	O	_	O	_	_	O	_	_	_
Aquilone	B-misc	_	B-misc	_	_	O	_	_	_
procella	O	_	O	_	_	O	_	_	NoSpaceAfter
velum	O	_	O	_	_	O	_	_	_
adversa	O	_	O	_	_	O	_	_	_
ferit	O	_	O	_	_	O	_	_	NoSpaceAfter
,	O	_	O	_	_	O	_	_	_
fluctusque	O	_	O	_	_	O	_	_	_
ad	O	_	O	_	_	O	_	_	_
sidera	O	_	O	_	_	O	_	_	_
tollit	O	_	O	_	_	O	_	_	NoSpaceAfter
.	O	_	O	_	_	O	_	_	EndOfSentence
Franguntur	O	_	O	_	_	O	_	_	_
remi	O	_	O	_	_	O	_	_	NoSpaceAfter
;	O	_	O	_	_	O	_	_	_
tum	O	_	O	_	_	O	_	_	_
prora	O	_	O	_	_	O	_	_	_
avertit	O	_	O	_	_	O	_	_	NoSpaceAfter
,	O	_	O	_	_	O	_	_	_
et	O	_	O	_	_	O	_	_	_
undis	O	_	O	_	_	O	_	_	NoSpaceAfter
dat	O	_	O	_	_	O	_	_	_
latus	O	_	O	_	_	O	_	_	NoSpaceAfter
;	O	_	O	_	_	O	_	_	_
insequitur	O	_	O	_	_	O	_	_	_
cumulo	O	_	O	_	_	O	_	_	_
praeruptus	O	_	O	_	_	O	_	_	_
aquae	O	_	O	_	_	O	_	_	_
mons	O	_	O	_	_	O	_	_	NoSpaceAfter
.	O	_	O	_	_	O	_	_	EndOfSentence
Hi	O	_	O	_	_	O	_	_	_
summo	O	_	O	_	_	O	_	_	_
in	O	_	O	_	_	O	_	_	_
fluctu	O	_	O	_	_	O	_	_	_
pendent	O	_	O	_	_	O	_	_	NoSpaceAfter
;	O	_	O	_	_	O	_	_	_
his	O	_	O	_	_	O	_	_	_
unda	O	_	O	_	_	O	_	_	_
dehiscens	O	_	O	_	_	O	_	_	NoSpaceAfter
terram	O	_	O	_	_	O	_	_	_
inter	O	_	O	_	_	O	_	_	_
fluctus	O	_	O	_	_	O	_	_	_
aperit	O	_	O	_	_	O	_	_	NoSpaceAfter
;	O	_	O	_	_	O	_	_	_
furit	O	_	O	_	_	O	_	_	_
aestus	O	_	O	_	_	O	_	_	_
harenis	O	_	O	_	_	O	_	_	NoSpaceAfter
.	O	_	O	_	_	O	_	_	EndOfSentence

# evalatin2026:version = v0.1
# evalatin2026:original_source = data/preparation/corpus/la/curated/Sallust_Catilina 1.11_lat.xmi
# evalatin2026:license = CC-BY
# evalatin2026:document_id = Sallust_Catilina 1
# evalatin2026:applicable_columns = TOKEN NE-COARSE-LIT NE-FINE-LIT MISC
[	O	_	O	_	_	O	_	_	NoSpaceAfter
1	O	_	O	_	_	O	_	_	NoSpaceAfter
]	O	_	O	_	_	O	_	_	_
1	O	_	O	_	_	O	_	_	_
Omnis	O	_	O	_	_	O	_	_	_
homines	O	_	O	_	_	O	_	_	NoSpaceAfter
,	O	_	O	_	_	O	_	_	_
qui	O	_	O	_	_	O	_	_	_
sese	O	_	O	_	_	O	_	_	_
student	O	_	O	_	_	O	_	_	_
praestare	O	_	O	_	_	O	_	_	_
ceteris	O	_	O	_	_	O	_	_	_
animalibus	O	_	O	_	_	O	_	_	NoSpaceAfter
,	O	_	O	_	_	O	_	_	_
summa	O	_	O	_	_	O	_	_	_
ope	O	_	O	_	_	O	_	_	_
niti	O	_	O	_	_	O	_	_	_
decet	O	_	O	_	_	O	_	_	NoSpaceAfter
,	O	_	O	_	_	O	_	_	_
ne	O	_	O	_	_	O	_	_	_
vitam	O	_	O	_	_	O	_	_	_
silentio	O	_	O	_	_	O	_	_	_
transeant	O	_	O	_	_	O	_	_	_
veluti	O	_	O	_	_	O	_	_	_
pecora	O	_	O	_	_	O	_	_	NoSpaceAfter
,	O	_	O	_	_	O	_	_	_
quae	O	_	O	_	_	O	_	_	_
natura	O	_	O	_	_	O	_	_	_
prona	O	_	O	_	_	O	_	_	_
atque	O	_	O	_	_	O	_	_	_
ventri	O	_	O	_	_	O	_	_	_
oboedientia	O	_	O	_	_	O	_	_	_
finxit	O	_	O	_	_	O	_	_	NoSpaceAfter
.	O	_	O	_	_	O	_	_	EndOfSentence
2	O	_	O	_	_	O	_	_	_
Sed	O	_	O	_	_	O	_	_	_
nostra	O	_	O	_	_	O	_	_	_
omnis	O	_	O	_	_	O	_	_	_
vis	O	_	O	_	_	O	_	_	_
in	O	_	O	_	_	O	_	_	_
animo	O	_	O	_	_	O	_	_	_
et	O	_	O	_	_	O	_	_	_
corpore	O	_	O	_	_	O	_	_	_
sita	O	_	O	_	_	O	_	_	_
est	O	_	O	_	_	O	_	_	NoSpaceAfter
:	O	_	O	_	_	O	_	_	_
animi	O	_	O	_	_	O	_	_	_
imperio	O	_	O	_	_	O	_	_	NoSpaceAfter
,	O	_	O	_	_	O	_	_	_
corporis	O	_	O	_	_	O	_	_	_
servitio	O	_	O	_	_	O	_	_	_
magis	O	_	O	_	_	O	_	_	_
utimur	O	_	O	_	_	O	_	_	NoSpaceAfter
;	O	_	O	_	_	O	_	_	_
alterum	O	_	O	_	_	O	_	_	_
nobis	O	_	O	_	_	O	_	_	_
cum	O	_	O	_	_	O	_	_	_
dis	O	_	O	_	_	O	_	_	NoSpaceAfter
,	O	_	O	_	_	O	_	_	_
alterum	O	_	O	_	_	O	_	_	_
cum	O	_	O	_	_	O	_	_	_
beluis	O	_	O	_	_	O	_	_	_
commune	O	_	O	_	_	O	_	_	_
est	O	_	O	_	_	O	_	_	NoSpaceAfter
.	O	_	O	_	_	O	_	_	EndOfSentence
3	O	_	O	_	_	O	_	_	_
Quo	O	_	O	_	_	O	_	_	_
mihi	O	_	O	_	_	O	_	_	_
rectius	O	_	O	_	_	O	_	_	_
videtur	O	_	O	_	_	O	_	_	_
ingeni	O	_	O	_	_	O	_	_	_
quam	O	_	O	_	_	O	_	_	_
virium	O	_	O	_	_	O	_	_	_
opibus	O	_	O	_	_	O	_	_	_
gloriam	O	_	O	_	_	O	_	_	_
quaerere	O	_	O	_	_	O	_	_	_
et	O	_	O	_	_	O	_	_	NoSpaceAfter
,	O	_	O	_	_	O	_	_	_
quoniam	O	_	O	_	_	O	_	_	_
vita	O	_	O	_	_	O	_	_	_
ipsa	O	_	O	_	_	O	_	_	NoSpaceAfter
,	O	_	O	_	_	O	_	_	_
qua	O	_	O	_	_	O	_	_	_
fruimur	O	_	O	_	_	O	_	_	NoSpaceAfter
,	O	_	O	_	_	O	_	_	_
brevis	O	_	O	_	_	O	_	_	_
est	O	_	O	_	_	O	_	_	NoSpaceAfter
,	O	_	O	_	_	O	_	_	_
memoriam	O	_	O	_	_	O	_	_	_
nostri	O	_	O	_	_	O	_	_	_
quam	O	_	O	_	_	O	_	_	_
maxume	O	_	O	_	_	O	_	_	_
longam	O	_	O	_	_	O	_	_	_
efficere	O	_	O	_	_	O	_	_	NoSpaceAfter
.	O	_	O	_	_	O	_	_	EndOfSentence
4	O	_	O	_	_	O	_	_	_
Nam	O	_	O	_	_	O	_	_	_
divitiarum	O	_	O	_	_	O	_	_	_
et	O	_	O	_	_	O	_	_	_
formae	O	_	O	_	_	O	_	_	_
gloria	O	_	O	_	_	O	_	_	_
fluxa	O	_	O	_	_	O	_	_	_
atque	O	_	O	_	_	O	_	_	_
fragilis	O	_	O	_	_	O	_	_	_
est	O	_	O	_	_	O	_	_	NoSpaceAfter
,	O	_	O	_	_	O	_	_	_
virtus	O	_	O	_	_	O	_	_	_
clara	O	_	O	_	_	O	_	_	_
aeternaque	O	_	O	_	_	O	_	_	_
habetur	O	_	O	_	_	O	_	_	NoSpaceAfter
.	O	_	O	_	_	O	_	_	EndOfSentence
5	O	_	O	_	_	O	_	_	_
Sed	O	_	O	_	_	O	_	_	_
diu	O	_	O	_	_	O	_	_	_
magnum	O	_	O	_	_	O	_	_	_
inter	O	_	O	_	_	O	_	_	_
mortalis	O	_	O	_	_	O	_	_	_
certamen	O	_	O	_	_	O	_	_	_
fuit	O	_	O	_	_	O	_	_	NoSpaceAfter
,	O	_	O	_	_	O	_	_	_
vine	O	_	O	_	_	O	_	_	_
corporis	O	_	O	_	_	O	_	_	_
an	O	_	O	_	_	O	_	_	_
virtute	O	_	O	_	_	O	_	_	_
animi	O	_	O	_	_	O	_	_	_
res	O	_	O	_	_	O	_	_	_
militaris	O	_	O	_	_	O	_	_	_
magis	O	_	O	_	_	O	_	_	_
procederet	O	_	O	_	_	O	_	_	NoSpaceAfter
.	O	_	O	_	_	O	_	_	EndOfSentence
6	O	_	O	_	_	O	_	_	_
Nam	O	_	O	_	_	O	_	_	_
et	O	_	O	_	_	O	_	_	NoSpaceAfter
,	O	_	O	_	_	O	_	_	_
prius	O	_	O	_	_	O	_	_	_
quam	O	_	O	_	_	O	_	_	_
incipias	O	_	O	_	_	O	_	_	NoSpaceAfter
,	O	_	O	_	_	O	_	_	_
consulto	O	_	O	_	_	O	_	_	_
et	O	_	O	_	_	O	_	_	NoSpaceAfter
,	O	_	O	_	_	O	_	_	_
ubi	O	_	O	_	_	O	_	_	_
consulueris	O	_	O	_	_	O	_	_	NoSpaceAfter
,	O	_	O	_	_	O	_	_	_
mature	O	_	O	_	_	O	_	_	_
facto	O	_	O	_	_	O	_	_	_
opus	O	_	O	_	_	O	_	_	_
est	O	_	O	_	_	O	_	_	NoSpaceAfter
.	O	_	O	_	_	O	_	_	EndOfSentence
7	O	_	O	_	_	O	_	_	_
Ita	O	_	O	_	_	O	_	_	_
utrumque	O	_	O	_	_	O	_	_	_
per	O	_	O	_	_	O	_	_	_
se	O	_	O	_	_	O	_	_	_
indigens	O	_	O	_	_	O	_	_	_
alterum	O	_	O	_	_	O	_	_	_
alterius	O	_	O	_	_	O	_	_	_
auxilio	O	_	O	_	_	O	_	_	_
eget	O	_	O	_	_	O	_	_	NoSpaceAfter
.	O	_	O	_	_	O	_	_	EndOfSentence
[	O	_	O	_	_	O	_	_	NoSpaceAfter
2	O	_	O	_	_	O	_	_	NoSpaceAfter
]	O	_	O	_	_	O	_	_	_
1	O	_	O	_	_	O	_	_	_
Igitur	O	_	O	_	_	O	_	_	_
initio	O	_	O	_	_	O	_	_	_
reges	O	_	O	_	_	O	_	_	_
–	O	_	O	_	_	O	_	_	_
nam	O	_	O	_	_	O	_	_	_
in	O	_	O	_	_	O	_	_	_
terris	O	_	O	_	_	O	_	_	_
nomen	O	_	O	_	_	O	_	_	_
imperi	O	_	O	_	_	O	_	_	_
id	O	_	O	_	_	O	_	_	_
primum	O	_	O	_	_	O	_	_	_
fuit	O	_	O	_	_	O	_	_	_
–	O	_	O	_	_	O	_	_	_
divorsi	O	_	O	_	_	O	_	_	_
pars	O	_	O	_	_	O	_	_	_
ingenium	O	_	O	_	_	O	_	_	NoSpaceAfter
,	O	_	O	_	_	O	_	_	_
alii	O	_	O	_	_	O	_	_	_
corpus	O	_	O	_	_	O	_	_	_
exercebant	O	_	O	_	_	O	_	_	NoSpaceAfter
:	O	_	O	_	_	O	_	_	_
etiam	O	_	O	_	_	O	_	_	_
tum	O	_	O	_	_	O	_	_	_
vita	O	_	O	_	_	O	_	_	_
hominum	O	_	O	_	_	O	_	_	_
sine	O	_	O	_	_	O	_	_	_
cupiditate	O	_	O	_	_	O	_	_	_
agitabatur	O	_	O	_	_	O	_	_	NoSpaceAfter
;	O	_	O	_	_	O	_	_	_
sua	O	_	O	_	_	O	_	_	_
cuique	O	_	O	_	_	O	_	_	_
satis	O	_	O	_	_	O	_	_	_
placebant	O	_	O	_	_	O	_	_	NoSpaceAfter
.	O	_	O	_	_	O	_	_	EndOfSentence
2	O	_	O	_	_	O	_	_	_
Postea	O	_	O	_	_	O	_	_	_
vero	O	_	O	_	_	O	_	_	_
quam	O	_	O	_	_	O	_	_	_
in	O	_	O	_	_	O	_	_	_
Asia	B-place	_	B-place	_	_	O	_	_	_
Cyrus	B-person	_	B-person	_	_	O	_	_	NoSpaceAfter
,	O	_	O	_	_	O	_	_	_
in	O	_	O	_	_	O	_	_	_
Graecia	B-place	_	B-place	_	_	O	_	_	_
Lacedaemonii	B-collective	_	B-collective.ethnic	_	_	O	_	_	_
et	O	_	O	_	_	O	_	_	_
Athenienses	B-collective	_	B-collective.ethnic	_	_	O	_	_	_
coepere	O	_	O	_	_	O	_	_	_
urbis	O	_	O	_	_	O	_	_	_
atque	O	_	O	_	_	O	_	_	_
nationes	O	_	O	_	_	O	_	_	_
subigere	O	_	O	_	_	O	_	_	NoSpaceAfter
,	O	_	O	_	_	O	_	_	_
lubidinem	O	_	O	_	_	O	_	_	_
dominandi	O	_	O	_	_	O	_	_	_
causam	O	_	O	_	_	O	_	_	_
belli	O	_	O	_	_	O	_	_	_
habere	O	_	O	_	_	O	_	_	NoSpaceAfter
,	O	_	O	_	_	O	_	_	_
maxumam	O	_	O	_	_	O	_	_	_
gloriam	O	_	O	_	_	O	_	_	_
in	O	_	O	_	_	O	_	_	_
maxumo	O	_	O	_	_	O	_	_	_
imperio	O	_	O	_	_	O	_	_	_
putare	O	_	O	_	_	O	_	_	NoSpaceAfter
,	O	_	O	_	_	O	_	_	_
tum	O	_	O	_	_	O	_	_	_
demum	O	_	O	_	_	O	_	_	_
periculo	O	_	O	_	_	O	_	_	_
atque	O	_	O	_	_	O	_	_	_
negotiis	O	_	O	_	_	O	_	_	_
compertum	O	_	O	_	_	O	_	_	_
est	O	_	O	_	_	O	_	_	_
in	O	_	O	_	_	O	_	_	_
bello	O	_	O	_	_	O	_	_	_
plurumum	O	_	O	_	_	O	_	_	_
ingenium	O	_	O	_	_	O	_	_	_
posse	O	_	O	_	_	O	_	_	NoSpaceAfter
.	O	_	O	_	_	O	_	_	EndOfSentence
3	O	_	O	_	_	O	_	_	_
Quod	O	_	O	_	_	O	_	_	_
si	O	_	O	_	_	O	_	_	_
regum	O	_	O	_	_	O	_	_	_
atque	O	_	O	_	_	O	_	_	_
imperatorum	O	_	O	_	_	O	_	_	_
animi	O	_	O	_	_	O	_	_	_
virtus	O	_	O	_	_	O	_	_	_
in	O	_	O	_	_	O	_	_	_
pace	O	_	O	_	_	O	_	_	_
ita	O	_	O	_	_	O	_	_	_
ut	O	_	O	_	_	O	_	_	_
in	O	_	O	_	_	O	_	_	_
bello	O	_	O	_	_	O	_	_	_
valeret	O	_	O	_	_	O	_	_	NoSpaceAfter
,	O	_	O	_	_	O	_	_	_
aequabilius	O	_	O	_	_	O	_	_	_
atque	O	_	O	_	_	O	_	_	_
constantius	O	_	O	_	_	O	_	_	_
sese	O	_	O	_	_	O	_	_	_
res	O	_	O	_	_	O	_	_	_
humanae	O	_	O	_	_	O	_	_	_
haberent	O	_	O	_	_	O	_	_	_
neque	O	_	O	_	_	O	_	_	_
aliud	O	_	O	_	_	O	_	_	_
alio	O	_	O	_	_	O	_	_	_
ferri	O	_	O	_	_	O	_	_	_
neque	O	_	O	_	_	O	_	_	_
mutari	O	_	O	_	_	O	_	_	_
ac	O	_	O	_	_	O	_	_	_
misceri	O	_	O	_	_	O	_	_	_
omnia	O	_	O	_	_	O	_	_	_
cerneres	O	_	O	_	_	O	_	_	NoSpaceAfter
.	O	_	O	_	_	O	_	_	EndOfSentence
4	O	_	O	_	_	O	_	_	_
Nam	O	_	O	_	_	O	_	_	_
imperium	O	_	O	_	_	O	_	_	_
facile	O	_	O	_	_	O	_	_	_
iis	O	_	O	_	_	O	_	_	_
artibus	O	_	O	_	_	O	_	_	_
retinetur	O	_	O	_	_	O	_	_	NoSpaceAfter
,	O	_	O	_	_	O	_	_	_
quibus	O	_	O	_	_	O	_	_	_
initio	O	_	O	_	_	O	_	_	_
partum	O	_	O	_	_	O	_	_	_
est	O	_	O	_	_	O	_	_	NoSpaceAfter
.	O	_	O	_	_	O	_	_	_
5	O	_	O	_	_	O	_	_	_
Verum	O	_	O	_	_	O	_	_	_
ubi	O	_	O	_	_	O	_	_	_
pro	O	_	O	_	_	O	_	_	_
labore	O	_	O	_	_	O	_	_	_
desidia	O	_	O	_	_	O	_	_	NoSpaceAfter
,	O	_	O	_	_	O	_	_	_
pro	O	_	O	_	_	O	_	_	_
continentia	O	_	O	_	_	O	_	_	_
et	O	_	O	_	_	O	_	_	_
aequitate	O	_	O	_	_	O	_	_	_
lubido	O	_	O	_	_	O	_	_	_
atque	O	_	O	_	_	O	_	_	_
superbia	O	_	O	_	_	O	_	_	_
invasere	O	_	O	_	_	O	_	_	NoSpaceAfter
,	O	_	O	_	_	O	_	_	_
fortuna	O	_	O	_	_	O	_	_	_
simul	O	_	O	_	_	O	_	_	_
cum	O	_	O	_	_	O	_	_	_
moribus	O	_	O	_	_	O	_	_	_
inmutatur	O	_	O	_	_	O	_	_	NoSpaceAfter
.	O	_	O	_	_	O	_	_	EndOfSentence
6	O	_	O	_	_	O	_	_	_
Ita	O	_	O	_	_	O	_	_	_
imperium	O	_	O	_	_	O	_	_	_
semper	O	_	O	_	_	O	_	_	_
ad	O	_	O	_	_	O	_	_	_
optumum	O	_	O	_	_	O	_	_	_
quemque	O	_	O	_	_	O	_	_	_
a	O	_	O	_	_	O	_	_	_
minus	O	_	O	_	_	O	_	_	_
bono	O	_	O	_	_	O	_	_	_
transfertur	O	_	O	_	_	O	_	_	NoSpaceAfter
.	O	_	O	_	_	O	_	_	EndOfSentence
7	O	_	O	_	_	O	_	_	_
Quae	O	_	O	_	_	O	_	_	_
homines	O	_	O	_	_	O	_	_	_
arant	O	_	O	_	_	O	_	_	NoSpaceAfter
,	O	_	O	_	_	O	_	_	_
navigant	O	_	O	_	_	O	_	_	NoSpaceAfter
,	O	_	O	_	_	O	_	_	_
aedificant	O	_	O	_	_	O	_	_	NoSpaceAfter
,	O	_	O	_	_	O	_	_	_
virtuti	O	_	O	_	_	O	_	_	_
omnia	O	_	O	_	_	O	_	_	_
parent	O	_	O	_	_	O	_	_	NoSpaceAfter
.	O	_	O	_	_	O	_	_	_
8	O	_	O	_	_	O	_	_	_
Sed	O	_	O	_	_	O	_	_	_
multi	O	_	O	_	_	O	_	_	_
mortales	O	_	O	_	_	O	_	_	NoSpaceAfter
,	O	_	O	_	_	O	_	_	_
dediti	O	_	O	_	_	O	_	_	_
ventri	O	_	O	_	_	O	_	_	_
atque	O	_	O	_	_	O	_	_	_
somno	O	_	O	_	_	O	_	_	NoSpaceAfter
,	O	_	O	_	_	O	_	_	_
indocti	O	_	O	_	_	O	_	_	_
incultique	O	_	O	_	_	O	_	_	_
vitam	O	_	O	_	_	O	_	_	_
sicuti	O	_	O	_	_	O	_	_	_
peregrinantes	O	_	O	_	_	O	_	_	_
transiere	O	_	O	_	_	O	_	_	NoSpaceAfter
;	O	_	O	_	_	O	_	_	_
quibus	O	_	O	_	_	O	_	_	_
profecto	O	_	O	_	_	O	_	_	_
contra	O	_	O	_	_	O	_	_	_
naturam	O	_	O	_	_	O	_	_	_
corpus	O	_	O	_	_	O	_	_	_
voluptati	O	_	O	_	_	O	_	_	NoSpaceAfter
,	O	_	O	_	_	O	_	_	_
anima	O	_	O	_	_	O	_	_	_
oneri	O	_	O	_	_	O	_	_	_
fuit	O	_	O	_	_	O	_	_	NoSpaceAfter
.	O	_	O	_	_	O	_	_	EndOfSentence
Eorum	O	_	O	_	_	O	_	_	_
ego	O	_	O	_	_	O	_	_	_
vitam	O	_	O	_	_	O	_	_	_
mortemque	O	_	O	_	_	O	_	_	_
iuxta	O	_	O	_	_	O	_	_	_
aestumo	O	_	O	_	_	O	_	_	NoSpaceAfter
,	O	_	O	_	_	O	_	_	_
quoniam	O	_	O	_	_	O	_	_	_
de	O	_	O	_	_	O	_	_	_
utraque	O	_	O	_	_	O	_	_	_
siletur	O	_	O	_	_	O	_	_	NoSpaceAfter
.	O	_	O	_	_	O	_	_	EndOfSentence
9	O	_	O	_	_	O	_	_	_
Verum	O	_	O	_	_	O	_	_	_
enim	O	_	O	_	_	O	_	_	_
vero	O	_	O	_	_	O	_	_	_
is	O	_	O	_	_	O	_	_	_
demum	O	_	O	_	_	O	_	_	_
mihi	O	_	O	_	_	O	_	_	_
vivere	O	_	O	_	_	O	_	_	_
atque	O	_	O	_	_	O	_	_	_
frui	O	_	O	_	_	O	_	_	_
anima	O	_	O	_	_	O	_	_	_
videtur	O	_	O	_	_	O	_	_	NoSpaceAfter
,	O	_	O	_	_	O	_	_	_
qui	O	_	O	_	_	O	_	_	_
aliquo	O	_	O	_	_	O	_	_	_
negotio	O	_	O	_	_	O	_	_	_
intentus	O	_	O	_	_	O	_	_	_
praeclari	O	_	O	_	_	O	_	_	_
facinoris	O	_	O	_	_	O	_	_	_
aut	O	_	O	_	_	O	_	_	_
artis	O	_	O	_	_	O	_	_	_
bonae	O	_	O	_	_	O	_	_	_
famam	O	_	O	_	_	O	_	_	_
quaerit	O	_	O	_	_	O	_	_	NoSpaceAfter
.	O	_	O	_	_	O	_	_	EndOfSentence
Sed	O	_	O	_	_	O	_	_	_
in	O	_	O	_	_	O	_	_	_
magna	O	_	O	_	_	O	_	_	_
copia	O	_	O	_	_	O	_	_	_
rerum	O	_	O	_	_	O	_	_	_
aliud	O	_	O	_	_	O	_	_	_
alii	O	_	O	_	_	O	_	_	_
natura	O	_	O	_	_	O	_	_	_
iter	O	_	O	_	_	O	_	_	_
ostendit	O	_	O	_	_	O	_	_	NoSpaceAfter
.	O	_	O	_	_	O	_	_	EndOfSentence
[	O	_	O	_	_	O	_	_	NoSpaceAfter
3	O	_	O	_	_	O	_	_	NoSpaceAfter
]	O	_	O	_	_	O	_	_	_
1	O	_	O	_	_	O	_	_	_
Pulchrum	O	_	O	_	_	O	_	_	_
est	O	_	O	_	_	O	_	_	_
bene	O	_	O	_	_	O	_	_	_
facere	O	_	O	_	_	O	_	_	_
rei	O	_	O	_	_	O	_	_	_
publicae	O	_	O	_	_	O	_	_	NoSpaceAfter
,	O	_	O	_	_	O	_	_	_
etiam	O	_	O	_	_	O	_	_	_
bene	O	_	O	_	_	O	_	_	_
dicere	O	_	O	_	_	O	_	_	_
haud	O	_	O	_	_	O	_	_	_
absurdum	O	_	O	_	_	O	_	_	_
est	O	_	O	_	_	O	_	_	NoSpaceAfter
;	O	_	O	_	_	O	_	_	_
vel	O	_	O	_	_	O	_	_	_
pace	O	_	O	_	_	O	_	_	_
vel	O	_	O	_	_	O	_	_	_
bello	O	_	O	_	_	O	_	_	_
clarum	O	_	O	_	_	O	_	_	_
fieri	O	_	O	_	_	O	_	_	_
licet	O	_	O	_	_	O	_	_	NoSpaceAfter
;	O	_	O	_	_	O	_	_	_
et	O	_	O	_	_	O	_	_	_
qui	O	_	O	_	_	O	_	_	_
fecere	O	_	O	_	_	O	_	_	_
et	O	_	O	_	_	O	_	_	_
qui	O	_	O	_	_	O	_	_	_
facta	O	_	O	_	_	O	_	_	_
aliorum	O	_	O	_	_	O	_	_	_
scripsere	O	_	O	_	_	O	_	_	NoSpaceAfter
,	O	_	O	_	_	O	_	_	_
multi	O	_	O	_	_	O	_	_	_
laudantur	O	_	O	_	_	O	_	_	NoSpaceAfter
.	O	_	O	_	_	O	_	_	EndOfSentence
2	O	_	O	_	_	O	_	_	_
Ac	O	_	O	_	_	O	_	_	_
mihi	O	_	O	_	_	O	_	_	_
quidem	O	_	O	_	_	O	_	_	NoSpaceAfter
,	O	_	O	_	_	O	_	_	_
tametsi	O	_	O	_	_	O	_	_	_
haudquaquam	O	_	O	_	_	O	_	_	_
par	O	_	O	_	_	O	_	_	_
gloria	O	_	O	_	_	O	_	_	_
sequitur	O	_	O	_	_	O	_	_	_
scriptorem	O	_	O	_	_	O	_	_	_
et	O	_	O	_	_	O	_	_	_
actorem	O	_	O	_	_	O	_	_	_
rerum	O	_	O	_	_	O	_	_	NoSpaceAfter
,	O	_	O	_	_	O	_	_	_
tamen	O	_	O	_	_	O	_	_	_
in	O	_	O	_	_	O	_	_	_
primis	O	_	O	_	_	O	_	_	_
arduum	O	_	O	_	_	O	_	_	_
videtur	O	_	O	_	_	O	_	_	_
res	O	_	O	_	_	O	_	_	_
gestas	O	_	O	_	_	O	_	_	_
scribere	O	_	O	_	_	O	_	_	NoSpaceAfter
:	O	_	O	_	_	O	_	_	_
primum	O	_	O	_	_	O	_	_	NoSpaceAfter
,	O	_	O	_	_	O	_	_	_
quod	O	_	O	_	_	O	_	_	_
facta	O	_	O	_	_	O	_	_	_
dictis	O	_	O	_	_	O	_	_	_
exaequanda	O	_	O	_	_	O	_	_	_
sunt	O	_	O	_	_	O	_	_	NoSpaceAfter
;	O	_	O	_	_	O	_	_	_
dehinc	O	_	O	_	_	O	_	_	NoSpaceAfter
,	O	_	O	_	_	O	_	_	_
quia	O	_	O	_	_	O	_	_	_
plerique	O	_	O	_	_	O	_	_	NoSpaceAfter
,	O	_	O	_	_	O	_	_	_
quae	O	_	O	_	_	O	_	_	_
delicta	O	_	O	_	_	O	_	_	_
reprehenderis	O	_	O	_	_	O	_	_	NoSpaceAfter
,	O	_	O	_	_	O	_	_	_
malevolentia	O	_	O	_	_	O	_	_	_
et	O	_	O	_	_	O	_	_	_
invidia	O	_	O	_	_	O	_	_	_
dicta	O	_	O	_	_	O	_	_	_
putant	O	_	O	_	_	O	_	_	NoSpaceAfter
,	O	_	O	_	_	O	_	_	_
ubi	O	_	O	_	_	O	_	_	_
de	O	_	O	_	_	O	_	_	_
magna	O	_	O	_	_	O	_	_	_
virtute	O	_	O	_	_	O	_	_	_
atque	O	_	O	_	_	O	_	_	_
gloria	O	_	O	_	_	O	_	_	_
bonorum	O	_	O	_	_	O	_	_	_
memores	O	_	O	_	_	O	_	_	NoSpaceAfter
,	O	_	O	_	_	O	_	_	_
quae	O	_	O	_	_	O	_	_	_
sibi	O	_	O	_	_	O	_	_	_
quisque	O	_	O	_	_	O	_	_	_
facilia	O	_	O	_	_	O	_	_	_
factu	O	_	O	_	_	O	_	_	_
putat	O	_	O	_	_	O	_	_	NoSpaceAfter
,	O	_	O	_	_	O	_	_	_
aequo	O	_	O	_	_	O	_	_	_
animo	O	_	O	_	_	O	_	_	_
accipit	O	_	O	_	_	O	_	_	NoSpaceAfter
,	O	_	O	_	_	O	_	_	_
supra	O	_	O	_	_	O	_	_	_
ea	O	_	O	_	_	O	_	_	_
veluti	O	_	O	_	_	O	_	_	_
ficta	O	_	O	_	_	O	_	_	_
pro	O	_	O	_	_	O	_	_	_
falsis	O	_	O	_	_	O	_	_	_
ducit	O	_	O	_	_	O	_	_	NoSpaceAfter
.	O	_	O	_	_	O	_	_	EndOfSentence
3	O	_	O	_	_	O	_	_	_
Sed	O	_	O	_	_	O	_	_	_
ego	O	_	O	_	_	O	_	_	_
adulescentulus	O	_	O	_	_	O	_	_	_
initio	O	_	O	_	_	O	_	_	NoSpaceAfter
,	O	_	O	_	_	O	_	_	_
sicuti	O	_	O	_	_	O	_	_	_
plerique	O	_	O	_	_	O	_	_	NoSpaceAfter
,	O	_	O	_	_	O	_	_	_
studio	O	_	O	_	_	O	_	_	_
ad	O	_	O	_	_	O	_	_	_
rem	O	_	O	_	_	O	_	_	_
publicam	O	_	O	_	_	O	_	_	_
latus	O	_	O	_	_	O	_	_	_
sum	O	_	O	_	_	O	_	_	_
ibique	O	_	O	_	_	O	_	_	_
mihi	O	_	O	_	_	O	_	_	_
multa	O	_	O	_	_	O	_	_	_
advorsa	O	_	O	_	_	O	_	_	_
fuere	O	_	O	_	_	O	_	_	NoSpaceAfter
.	O	_	O	_	_	O	_	_	EndOfSentence
Nam	O	_	O	_	_	O	_	_	_
pro	O	_	O	_	_	O	_	_	_
pudore	O	_	O	_	_	O	_	_	NoSpaceAfter
,	O	_	O	_	_	O	_	_	_
pro	O	_	O	_	_	O	_	_	_
abstinentia	O	_	O	_	_	O	_	_	NoSpaceAfter
,	O	_	O	_	_	O	_	_	_
pro	O	_	O	_	_	O	_	_	_
virtute	O	_	O	_	_	O	_	_	_
audacia	O	_	O	_	_	O	_	_	NoSpaceAfter
,	O	_	O	_	_	O	_	_	_
largitio	O	_	O	_	_	O	_	_	NoSpaceAfter
,	O	_	O	_	_	O	_	_	_
avaritia	O	_	O	_	_	O	_	_	_
vigebant	O	_	O	_	_	O	_	_	NoSpaceAfter
.	O	_	O	_	_	O	_	_	EndOfSentence
4	O	_	O	_	_	O	_	_	_
Quae	O	_	O	_	_	O	_	_	_
tametsi	O	_	O	_	_	O	_	_	_
animus	O	_	O	_	_	O	_	_	_
aspernabatur	O	_	O	_	_	O	_	_	_
insolens	O	_	O	_	_	O	_	_	_
malarum	O	_	O	_	_	O	_	_	_
artium	O	_	O	_	_	O	_	_	NoSpaceAfter
,	O	_	O	_	_	O	_	_	_
tamen	O	_	O	_	_	O	_	_	_
inter	O	_	O	_	_	O	_	_	_
tanta	O	_	O	_	_	O	_	_	_
vitia	O	_	O	_	_	O	_	_	_
imbecilla	O	_	O	_	_	O	_	_	_
aetas	O	_	O	_	_	O	_	_	_
ambitione	O	_	O	_	_	O	_	_	_
corrupta	O	_	O	_	_	O	_	_	_
tenebatur	O	_	O	_	_	O	_	_	NoSpaceAfter
;	O	_	O	_	_	O	_	_	_
5	O	_	O	_	_	O	_	_	_
ac	O	_	O	_	_	O	_	_	_
me	O	_	O	_	_	O	_	_	NoSpaceAfter
,	O	_	O	_	_	O	_	_	_
cum	O	_	O	_	_	O	_	_	_
ab	O	_	O	_	_	O	_	_	_
reliquorum	O	_	O	_	_	O	_	_	_
malis	O	_	O	_	_	O	_	_	_
moribus	O	_	O	_	_	O	_	_	_
dissentirem	O	_	O	_	_	O	_	_	NoSpaceAfter
,	O	_	O	_	_	O	_	_	_
nihilo	O	_	O	_	_	O	_	_	_
minus	O	_	O	_	_	O	_	_	_
honoris	O	_	O	_	_	O	_	_	_
cupido	O	_	O	_	_	O	_	_	_
eadem	O	_	O	_	_	O	_	_	NoSpaceAfter
,	O	_	O	_	_	O	_	_	_
qua	O	_	O	_	_	O	_	_	_
ceteros	O	_	O	_	_	O	_	_	NoSpaceAfter
,	O	_	O	_	_	O	_	_	_
fama	O	_	O	_	_	O	_	_	_
atque	O	_	O	_	_	O	_	_	_
invidia	O	_	O	_	_	O	_	_	_
vexabat	O	_	O	_	_	O	_	_	NoSpaceAfter
.	O	_	O	_	_	O	_	_	EndOfSentence
[	O	_	O	_	_	O	_	_	NoSpaceAfter
4	O	_	O	_	_	O	_	_	NoSpaceAfter
]	O	_	O	_	_	O	_	_	_
1	O	_	O	_	_	O	_	_	_
Igitur	O	_	O	_	_	O	_	_	_
ubi	O	_	O	_	_	O	_	_	_
animus	O	_	O	_	_	O	_	_	_
ex	O	_	O	_	_	O	_	_	_
multis	O	_	O	_	_	O	_	_	_
miseriis	O	_	O	_	_	O	_	_	_
atque	O	_	O	_	_	O	_	_	_
periculis	O	_	O	_	_	O	_	_	_
requievit	O	_	O	_	_	O	_	_	_
et	O	_	O	_	_	O	_	_	_
mihi	O	_	O	_	_	O	_	_	_
reliquam	O	_	O	_	_	O	_	_	_
aetatem	O	_	O	_	_	O	_	_	_
a	O	_	O	_	_	O	_	_	_
re	O	_	O	_	_	O	_	_	_
publica	O	_	O	_	_	O	_	_	_
procul	O	_	O	_	_	O	_	_	_
habendam	O	_	O	_	_	O	_	_	_
decrevi	O	_	O	_	_	O	_	_	NoSpaceAfter
,	O	_	O	_	_	O	_	_	_
non	O	_	O	_	_	O	_	_	_
fuit	O	_	O	_	_	O	_	_	_
consilium	O	_	O	_	_	O	_	_	_
socordia	O	_	O	_	_	O	_	_	_
atque	O	_	O	_	_	O	_	_	_
desidia	O	_	O	_	_	O	_	_	_
bonum	O	_	O	_	_	O	_	_	_
otium	O	_	O	_	_	O	_	_	_
conterere	O	_	O	_	_	O	_	_	_
neque	O	_	O	_	_	O	_	_	_
vero	O	_	O	_	_	O	_	_	_
agrum	O	_	O	_	_	O	_	_	_
colundo	O	_	O	_	_	O	_	_	_
aut	O	_	O	_	_	O	_	_	_
venando	O	_	O	_	_	O	_	_	_
servilibus	O	_	O	_	_	O	_	_	_
officiis	O	_	O	_	_	O	_	_	NoSpaceAfter
,	O	_	O	_	_	O	_	_	_
intentum	O	_	O	_	_	O	_	_	_
aetatem	O	_	O	_	_	O	_	_	_
agere	O	_	O	_	_	O	_	_	NoSpaceAfter
;	O	_	O	_	_	O	_	_	_
2	O	_	O	_	_	O	_	_	_
sed	O	_	O	_	_	O	_	_	NoSpaceAfter
,	O	_	O	_	_	O	_	_	_
a	O	_	O	_	_	O	_	_	_
quo	O	_	O	_	_	O	_	_	_
incepto	O	_	O	_	_	O	_	_	_
studioque	O	_	O	_	_	O	_	_	_
me	O	_	O	_	_	O	_	_	_
ambitio	O	_	O	_	_	O	_	_	_
mala	O	_	O	_	_	O	_	_	_
detinuerat	O	_	O	_	_	O	_	_	NoSpaceAfter
,	O	_	O	_	_	O	_	_	_
eodem	O	_	O	_	_	O	_	_	_
regressus	O	_	O	_	_	O	_	_	_
statui	O	_	O	_	_	O	_	_	_
res	O	_	O	_	_	O	_	_	_
gestas	O	_	O	_	_	O	_	_	_
populi	B-collective	_	B-collective.ethnic	_	_	O	_	_	_
Romani	I-collective	_	I-collective.ethnic	_	_	O	_	_	_
carptim	O	_	O	_	_	O	_	_	NoSpaceAfter
,	O	_	O	_	_	O	_	_	_
ut	O	_	O	_	_	O	_	_	_
quaeque	O	_	O	_	_	O	_	_	_
memoria	O	_	O	_	_	O	_	_	_
digna	O	_	O	_	_	O	_	_	_
videbantur	O	_	O	_	_	O	_	_	NoSpaceAfter
,	O	_	O	_	_	O	_	_	_
perscribere	O	_	O	_	_	O	_	_	NoSpaceAfter
,	O	_	O	_	_	O	_	_	_
eo	O	_	O	_	_	O	_	_	_
magis	O	_	O	_	_	O	_	_	NoSpaceAfter
,	O	_	O	_	_	O	_	_	_
quod	O	_	O	_	_	O	_	_	_
mihi	O	_	O	_	_	O	_	_	_
a	O	_	O	_	_	O	_	_	_
spe	O	_	O	_	_	O	_	_	NoSpaceAfter
,	O	_	O	_	_	O	_	_	_
metu	O	_	O	_	_	O	_	_	NoSpaceAfter
,	O	_	O	_	_	O	_	_	_
partibus	O	_	O	_	_	O	_	_	_
rei	O	_	O	_	_	O	_	_	_
publicae	O	_	O	_	_	O	_	_	_
animus	O	_	O	_	_	O	_	_	_
liber	O	_	O	_	_	O	_	_	_
erat	O	_	O	_	_	O	_	_	NoSpaceAfter
.	O	_	O	_	_	O	_	_	EndOfSentence
3	O	_	O	_	_	O	_	_	_
Igitur	O	_	O	_	_	O	_	_	_
de	O	_	O	_	_	O	_	_	_
Catilinae	B-event	_	B-event	_	_	O	_	_	_
coniuratione	I-event	_	I-event	_	_	O	_	_	NoSpaceAfter
,	O	_	O	_	_	O	_	_	_
quam	O	_	O	_	_	O	_	_	_
verissume	O	_	O	_	_	O	_	_	_
potero	O	_	O	_	_	O	_	_	NoSpaceAfter
,	O	_	O	_	_	O	_	_	_
paucis	O	_	O	_	_	O	_	_	_
absolvam	O	_	O	_	_	O	_	_	NoSpaceAfter
;	O	_	O	_	_	O	_	_	_
4	O	_	O	_	_	O	_	_	_
nam	O	_	O	_	_	O	_	_	_
id	O	_	O	_	_	O	_	_	_
facinus	O	_	O	_	_	O	_	_	_
in	O	_	O	_	_	O	_	_	_
primis	O	_	O	_	_	O	_	_	_
ego	O	_	O	_	_	O	_	_	_
memorabile	O	_	O	_	_	O	_	_	_
existumo	O	_	O	_	_	O	_	_	_
sceleris	O	_	O	_	_	O	_	_	_
atque	O	_	O	_	_	O	_	_	_
periculi	O	_	O	_	_	O	_	_	_
novitate	O	_	O	_	_	O	_	_	NoSpaceAfter
.	O	_	O	_	_	O	_	_	EndOfSentence
5	O	_	O	_	_	O	_	_	_
De	O	_	O	_	_	O	_	_	_
cuius	O	_	O	_	_	O	_	_	_
hominis	O	_	O	_	_	O	_	_	_
moribus	O	_	O	_	_	O	_	_	_
pauca	O	_	O	_	_	O	_	_	_
prius	O	_	O	_	_	O	_	_	_
explananda	O	_	O	_	_	O	_	_	_
sunt	O	_	O	_	_	O	_	_	NoSpaceAfter
,	O	_	O	_	_	O	_	_	_
quam	O	_	O	_	_	O	_	_	_
initium	O	_	O	_	_	O	_	_	_
narrandi	O	_	O	_	_	O	_	_	_
faciam	O	_	O	_	_	O	_	_	NoSpaceAfter
.	O	_	O	_	_	O	_	_	EndOfSentence
[	O	_	O	_	_	O	_	_	NoSpaceAfter
5	O	_	O	_	_	O	_	_	NoSpaceAfter
]	O	_	O	_	_	O	_	_	_
1	O	_	O	_	_	O	_	_	_
L	B-person	_	B-person	_	_	O	_	_	NoSpaceAfter
.	I-person	_	I-person	_	_	O	_	_	_
Catilina	I-person	_	I-person	_	_	O	_	_	NoSpaceAfter
,	O	_	O	_	_	O	_	_	_
nobili	O	_	O	_	_	O	_	_	_
genere	O	_	O	_	_	O	_	_	_
natus	O	_	O	_	_	O	_	_	NoSpaceAfter
,	O	_	O	_	_	O	_	_	_
fuit	O	_	O	_	_	O	_	_	_
magna	O	_	O	_	_	O	_	_	_
vi	O	_	O	_	_	O	_	_	_
et	O	_	O	_	_	O	_	_	_
animi	O	_	O	_	_	O	_	_	_
et	O	_	O	_	_	O	_	_	_
corporis	O	_	O	_	_	O	_	_	NoSpaceAfter
,	O	_	O	_	_	O	_	_	_
sed	O	_	O	_	_	O	_	_	_
ingenio	O	_	O	_	_	O	_	_	_
malo	O	_	O	_	_	O	_	_	_
pravoque	O	_	O	_	_	O	_	_	NoSpaceAfter
.	O	_	O	_	_	O	_	_	EndOfSentence
2	O	_	O	_	_	O	_	_	_
Huic	O	_	O	_	_	O	_	_	_
ab	O	_	O	_	_	O	_	_	_
adulescentia	O	_	O	_	_	O	_	_	_
bella	O	_	O	_	_	O	_	_	_
intestina	O	_	O	_	_	O	_	_	NoSpaceAfter
,	O	_	O	_	_	O	_	_	_
caedes	O	_	O	_	_	O	_	_	NoSpaceAfter
,	O	_	O	_	_	O	_	_	_
rapinae	O	_	O	_	_	O	_	_	NoSpaceAfter
,	O	_	O	_	_	O	_	_	_
discordia	O	_	O	_	_	O	_	_	_
civilis	O	_	O	_	_	O	_	_	_
grata	O	_	O	_	_	O	_	_	_
fuere	O	_	O	_	_	O	_	_	_
ibique	O	_	O	_	_	O	_	_	_
iuventutem	O	_	O	_	_	O	_	_	_
suam	O	_	O	_	_	O	_	_	_
exercuit	O	_	O	_	_	O	_	_	NoSpaceAfter
.	O	_	O	_	_	O	_	_	EndOfSentence
3	O	_	O	_	_	O	_	_	_
Corpus	O	_	O	_	_	O	_	_	_
patiens	O	_	O	_	_	O	_	_	_
inediae	O	_	O	_	_	O	_	_	NoSpaceAfter
,	O	_	O	_	_	O	_	_	_
algoris	O	_	O	_	_	O	_	_	NoSpaceAfter
,	O	_	O	_	_	O	_	_	_
vigiliae	O	_	O	_	_	O	_	_	_
supra	O	_	O	_	_	O	_	_	_
quam	O	_	O	_	_	O	_	_	_
cuiquam	O	_	O	_	_	O	_	_	_
credibile	O	_	O	_	_	O	_	_	_
est	O	_	O	_	_	O	_	_	NoSpaceAfter
.	O	_	O	_	_	O	_	_	EndOfSentence
4	O	_	O	_	_	O	_	_	_
Animus	O	_	O	_	_	O	_	_	_
audax	O	_	O	_	_	O	_	_	NoSpaceAfter
,	O	_	O	_	_	O	_	_	_
subdolus	O	_	O	_	_	O	_	_	NoSpaceAfter
,	O	_	O	_	_	O	_	_	_
varius	O	_	O	_	_	O	_	_	NoSpaceAfter
,	O	_	O	_	_	O	_	_	_
cuius	O	_	O	_	_	O	_	_	_
rei	O	_	O	_	_	O	_	_	_
lubet	O	_	O	_	_	O	_	_	_
simulator	O	_	O	_	_	O	_	_	_
ac	O	_	O	_	_	O	_	_	_
dissimulator	O	_	O	_	_	O	_	_	NoSpaceAfter
,	O	_	O	_	_	O	_	_	_
alieni	O	_	O	_	_	O	_	_	_
adpetens	O	_	O	_	_	O	_	_	NoSpaceAfter
,	O	_	O	_	_	O	_	_	_
sui	O	_	O	_	_	O	_	_	_
profusus	O	_	O	_	_	O	_	_	NoSpaceAfter
,	O	_	O	_	_	O	_	_	_
ardens	O	_	O	_	_	O	_	_	_
in	O	_	O	_	_	O	_	_	_
cupiditatibus	O	_	O	_	_	O	_	_	NoSpaceAfter
;	O	_	O	_	_	O	_	_	_
satis	O	_	O	_	_	O	_	_	_
eloquentiae	O	_	O	_	_	O	_	_	NoSpaceAfter
,	O	_	O	_	_	O	_	_	_
sapientiae	O	_	O	_	_	O	_	_	_
parum	O	_	O	_	_	O	_	_	NoSpaceAfter
.	O	_	O	_	_	O	_	_	EndOfSentence
5	O	_	O	_	_	O	_	_	_
Vastus	O	_	O	_	_	O	_	_	_
animus	O	_	O	_	_	O	_	_	_
inmoderata	O	_	O	_	_	O	_	_	NoSpaceAfter
,	O	_	O	_	_	O	_	_	_
incredibilia	O	_	O	_	_	O	_	_	NoSpaceAfter
,	O	_	O	_	_	O	_	_	_
nimis	O	_	O	_	_	O	_	_	_
alta	O	_	O	_	_	O	_	_	_
semper	O	_	O	_	_	O	_	_	_
cupiebat	O	_	O	_	_	O	_	_	NoSpaceAfter
.	O	_	O	_	_	O	_	_	EndOfSentence
6	O	_	O	_	_	O	_	_	_
Hunc	O	_	O	_	_	O	_	_	_
post	O	_	O	_	_	O	_	_	_
dominationem	O	_	O	_	_	O	_	_	_
L	B-person	_	B-person	_	_	O	_	_	NoSpaceAfter
.	I-person	_	I-person	_	_	O	_	_	_
Sullae	I-person	_	I-person	_	_	O	_	_	_
lubido	O	_	O	_	_	O	_	_	_
maxuma	O	_	O	_	_	O	_	_	_
invaserat	O	_	O	_	_	O	_	_	_
rei	O	_	O	_	_	O	_	_	_
publicae	O	_	O	_	_	O	_	_	_
capiundae	O	_	O	_	_	O	_	_	NoSpaceAfter
;	O	_	O	_	_	O	_	_	_
neque	O	_	O	_	_	O	_	_	_
id	O	_	O	_	_	O	_	_	_
quibus	O	_	O	_	_	O	_	_	_
modis	O	_	O	_	_	O	_	_	_
adsequeretur	O	_	O	_	_	O	_	_	NoSpaceAfter
,	O	_	O	_	_	O	_	_	_
dum	O	_	O	_	_	O	_	_	_
sibi	O	_	O	_	_	O	_	_	_
regnum	O	_	O	_	_	O	_	_	_
pararet	O	_	O	_	_	O	_	_	NoSpaceAfter
,	O	_	O	_	_	O	_	_	_
quicquam	O	_	O	_	_	O	_	_	_
pensi	O	_	O	_	_	O	_	_	_
habebat	O	_	O	_	_	O	_	_	NoSpaceAfter
.	O	_	O	_	_	O	_	_	EndOfSentence
7	O	_	O	_	_	O	_	_	_
Agitabatur	O	_	O	_	_	O	_	_	_
magis	O	_	O	_	_	O	_	_	_
magisque	O	_	O	_	_	O	_	_	_
in	O	_	O	_	_	O	_	_	_
dies	O	_	O	_	_	O	_	_	_
animus	O	_	O	_	_	O	_	_	_
ferox	O	_	O	_	_	O	_	_	_
inopia	O	_	O	_	_	O	_	_	_
rei	O	_	O	_	_	O	_	_	_
familiaris	O	_	O	_	_	O	_	_	_
et	O	_	O	_	_	O	_	_	_
conscientia	O	_	O	_	_	O	_	_	_
scelerum	O	_	O	_	_	O	_	_	NoSpaceAfter
,	O	_	O	_	_	O	_	_	_
quae	O	_	O	_	_	O	_	_	_
utraque	O	_	O	_	_	O	_	_	_
iis	O	_	O	_	_	O	_	_	_
artibus	O	_	O	_	_	O	_	_	_
auxerat	O	_	O	_	_	O	_	_	NoSpaceAfter
,	O	_	O	_	_	O	_	_	_
quas	O	_	O	_	_	O	_	_	_
supra	O	_	O	_	_	O	_	_	_
memoravi	O	_	O	_	_	O	_	_	NoSpaceAfter
.	O	_	O	_	_	O	_	_	EndOfSentence
8	O	_	O	_	_	O	_	_	_
Incitabant	O	_	O	_	_	O	_	_	_
praeterea	O	_	O	_	_	O	_	_	_
corrupti	O	_	O	_	_	O	_	_	_
civitatis	O	_	O	_	_	O	_	_	_
mores	O	_	O	_	_	O	_	_	NoSpaceAfter
,	O	_	O	_	_	O	_	_	_
quos	O	_	O	_	_	O	_	_	_
pessuma	O	_	O	_	_	O	_	_	_
ac	O	_	O	_	_	O	_	_	_
divorsa	O	_	O	_	_	O	_	_	_
inter	O	_	O	_	_	O	_	_	_
se	O	_	O	_	_	O	_	_	_
mala	O	_	O	_	_	O	_	_	NoSpaceAfter
,	O	_	O	_	_	O	_	_	_
luxuria	O	_	O	_	_	O	_	_	_
atque	O	_	O	_	_	O	_	_	_
avaritia	O	_	O	_	_	O	_	_	NoSpaceAfter
,	O	_	O	_	_	O	_	_	_
vexabant	O	_	O	_	_	O	_	_	NoSpaceAfter
.	O	_	O	_	_	O	_	_	EndOfSentence
9	O	_	O	_	_	O	_	_	_
Res	O	_	O	_	_	O	_	_	_
ipsa	O	_	O	_	_	O	_	_	_
hortari	O	_	O	_	_	O	_	_	_
videtur	O	_	O	_	_	O	_	_	NoSpaceAfter
,	O	_	O	_	_	O	_	_	_
quoniam	O	_	O	_	_	O	_	_	_
de	O	_	O	_	_	O	_	_	_
moribus	O	_	O	_	_	O	_	_	_
civitatis	O	_	O	_	_	O	_	_	_
tempus	O	_	O	_	_	O	_	_	_
admonuit	O	_	O	_	_	O	_	_	NoSpaceAfter
,	O	_	O	_	_	O	_	_	_
supra	O	_	O	_	_	O	_	_	_
repetere	O	_	O	_	_	O	_	_	_
ac	O	_	O	_	_	O	_	_	_
paucis	O	_	O	_	_	O	_	_	_
instituta	O	_	O	_	_	O	_	_	_
maiorum	O	_	O	_	_	O	_	_	_
domi	O	_	O	_	_	O	_	_	_
militiaeque	O	_	O	_	_	O	_	_	NoSpaceAfter
,	O	_	O	_	_	O	_	_	_
quo	O	_	O	_	_	O	_	_	_
modo	O	_	O	_	_	O	_	_	_
rem	O	_	O	_	_	O	_	_	_
publicam	O	_	O	_	_	O	_	_	_
habuerint	O	_	O	_	_	O	_	_	_
quantamque	O	_	O	_	_	O	_	_	_
reliquerint	O	_	O	_	_	O	_	_	NoSpaceAfter
,	O	_	O	_	_	O	_	_	_
ut	O	_	O	_	_	O	_	_	_
paulatim	O	_	O	_	_	O	_	_	_
inmutata	O	_	O	_	_	O	_	_	_
ex	O	_	O	_	_	O	_	_	_
pulcherruma	O	_	O	_	_	O	_	_	_
atque	O	_	O	_	_	O	_	_	_
optuma	O	_	O	_	_	O	_	_	_
pessuma	O	_	O	_	_	O	_	_	_
ac	O	_	O	_	_	O	_	_	_
flagitiosissuma	O	_	O	_	_	O	_	_	_
facta	O	_	O	_	_	O	_	_	_
sit	O	_	O	_	_	O	_	_	NoSpaceAfter
,	O	_	O	_	_	O	_	_	_
disserere	O	_	O	_	_	O	_	_	NoSpaceAfter
.	O	_	O	_	_	O	_	_	EndOfSentence
[	O	_	O	_	_	O	_	_	NoSpaceAfter
6	O	_	O	_	_	O	_	_	NoSpaceAfter
]	O	_	O	_	_	O	_	_	_
1	O	_	O	_	_	O	_	_	_
Urbem	O	_	O	_	_	O	_	_	_
Romam	B-place	_	B-place	_	_	O	_	_	NoSpaceAfter
,	O	_	O	_	_	O	_	_	_
sicuti	O	_	O	_	_	O	_	_	_
ego	O	_	O	_	_	O	_	_	_
accepi	O	_	O	_	_	O	_	_	NoSpaceAfter
,	O	_	O	_	_	O	_	_	_
condidere	O	_	O	_	_	O	_	_	_
atque	O	_	O	_	_	O	_	_	_
habuere	O	_	O	_	_	O	_	_	_
initio	O	_	O	_	_	O	_	_	_
Troiani	B-collective	_	B-collective.ethnic	_	_	O	_	_	NoSpaceAfter
,	O	_	O	_	_	O	_	_	_
qui	O	_	O	_	_	O	_	_	_
Aenea	B-person	_	B-person.mythological	_	_	O	_	_	_
duce	O	_	O	_	_	O	_	_	_
profugi	O	_	O	_	_	O	_	_	_
sedibus	O	_	O	_	_	O	_	_	_
incertis	O	_	O	_	_	O	_	_	_
vagabantur	O	_	O	_	_	O	_	_	NoSpaceAfter
,	O	_	O	_	_	O	_	_	_
cumque	O	_	O	_	_	O	_	_	_
iis	O	_	O	_	_	O	_	_	_
Aborigines	B-collective	_	B-collective.ethnic	_	_	O	_	_	NoSpaceAfter
,	O	_	O	_	_	O	_	_	_
genus	O	_	O	_	_	O	_	_	_
hominum	O	_	O	_	_	O	_	_	_
agreste	O	_	O	_	_	O	_	_	NoSpaceAfter
,	O	_	O	_	_	O	_	_	_
sine	O	_	O	_	_	O	_	_	_
legibus	O	_	O	_	_	O	_	_	NoSpaceAfter
,	O	_	O	_	_	O	_	_	_
sine	O	_	O	_	_	O	_	_	_
imperio	O	_	O	_	_	O	_	_	NoSpaceAfter
,	O	_	O	_	_	O	_	_	_
liberum	O	_	O	_	_	O	_	_	_
atque	O	_	O	_	_	O	_	_	_
solutum	O	_	O	_	_	O	_	_	NoSpaceAfter
.	O	_	O	_	_	O	_	_	EndOfSentence
2	O	_	O	_	_	O	_	_	_
Hi	O	_	O	_	_	O	_	_	_
postquam	O	_	O	_	_	O	_	_	_
in	O	_	O	_	_	O	_	_	_
una	O	_	O	_	_	O	_	_	_
moenia	O	_	O	_	_	O	_	_	_
convenere	O	_	O	_	_	O	_	_	NoSpaceAfter
,	O	_	O	_	_	O	_	_	_
dispari	O	_	O	_	_	O	_	_	_
genere	O	_	O	_	_	O	_	_	NoSpaceAfter
,	O	_	O	_	_	O	_	_	_
dissimili	O	_	O	_	_	O	_	_	_
lingua	O	_	O	_	_	O	_	_	NoSpaceAfter
,	O	_	O	_	_	O	_	_	_
alii	O	_	O	_	_	O	_	_	_
alio	O	_	O	_	_	O	_	_	_
more	O	_	O	_	_	O	_	_	_
viventes	O	_	O	_	_	O	_	_	NoSpaceAfter
,	O	_	O	_	_	O	_	_	_
incredibile	O	_	O	_	_	O	_	_	_
memoratu	O	_	O	_	_	O	_	_	_
est	O	_	O	_	_	O	_	_	NoSpaceAfter
,	O	_	O	_	_	O	_	_	_
quam	O	_	O	_	_	O	_	_	_
facile	O	_	O	_	_	O	_	_	_
coaluerint	O	_	O	_	_	O	_	_	NoSpaceAfter
:	O	_	O	_	_	O	_	_	_
ita	O	_	O	_	_	O	_	_	_
brevi	O	_	O	_	_	O	_	_	_
multitudo	O	_	O	_	_	O	_	_	_
dispersa	O	_	O	_	_	O	_	_	_
atque	O	_	O	_	_	O	_	_	_
vaga	O	_	O	_	_	O	_	_	_
concordia	O	_	O	_	_	O	_	_	_
civitas	O	_	O	_	_	O	_	_	_
facta	O	_	O	_	_	O	_	_	_
erat	O	_	O	_	_	O	_	_	NoSpaceAfter
.	O	_	O	_	_	O	_	_	EndOfSentence
3	O	_	O	_	_	O	_	_	_
Sed	O	_	O	_	_	O	_	_	_
postquam	O	_	O	_	_	O	_	_	_
res	O	_	O	_	_	O	_	_	_
eorum	O	_	O	_	_	O	_	_	_
civibus	O	_	O	_	_	O	_	_	NoSpaceAfter
,	O	_	O	_	_	O	_	_	_
moribus	O	_	O	_	_	O	_	_	NoSpaceAfter
,	O	_	O	_	_	O	_	_	_
agris	O	_	O	_	_	O	_	_	_
aucta	O	_	O	_	_	O	_	_	_
satis	O	_	O	_	_	O	_	_	_
prospera	O	_	O	_	_	O	_	_	_
satisque	O	_	O	_	_	O	_	_	_
pollens	O	_	O	_	_	O	_	_	_
videbatur	O	_	O	_	_	O	_	_	NoSpaceAfter
,	O	_	O	_	_	O	_	_	_
sicuti	O	_	O	_	_	O	_	_	_
pleraque	O	_	O	_	_	O	_	_	_
mortalium	O	_	O	_	_	O	_	_	_
habentur	O	_	O	_	_	O	_	_	NoSpaceAfter
,	O	_	O	_	_	O	_	_	_
invidia	O	_	O	_	_	O	_	_	_
ex	O	_	O	_	_	O	_	_	_
opulentia	O	_	O	_	_	O	_	_	_
orta	O	_	O	_	_	O	_	_	_
est	O	_	O	_	_	O	_	_	NoSpaceAfter
.	O	_	O	_	_	O	_	_	EndOfSentence
4	O	_	O	_	_	O	_	_	_
Igitur	O	_	O	_	_	O	_	_	_
reges	O	_	O	_	_	O	_	_	_
populique	O	_	O	_	_	O	_	_	_
finitumi	O	_	O	_	_	O	_	_	_
bello	O	_	O	_	_	O	_	_	_
temptare	O	_	O	_	_	O	_	_	NoSpaceAfter
,	O	_	O	_	_	O	_	_	_
pauci	O	_	O	_	_	O	_	_	_
ex	O	_	O	_	_	O	_	_	_
amicis	O	_	O	_	_	O	_	_	_
auxilio	O	_	O	_	_	O	_	_	_
esse	O	_	O	_	_	O	_	_	NoSpaceAfter
;	O	_	O	_	_	O	_	_	_
nam	O	_	O	_	_	O	_	_	_
ceteri	O	_	O	_	_	O	_	_	_
metu	O	_	O	_	_	O	_	_	_
perculsi	O	_	O	_	_	O	_	_	_
a	O	_	O	_	_	O	_	_	_
periculis	O	_	O	_	_	O	_	_	_
aberant	O	_	O	_	_	O	_	_	NoSpaceAfter
.	O	_	O	_	_	O	_	_	EndOfSentence
5	O	_	O	_	_	O	_	_	_
At	O	_	O	_	_	O	_	_	_
Romani	B-collective	_	B-collective.ethnic	_	_	O	_	_	_
domi	O	_	O	_	_	O	_	_	_
militiaeque	O	_	O	_	_	O	_	_	_
intenti	O	_	O	_	_	O	_	_	_
festinare	O	_	O	_	_	O	_	_	NoSpaceAfter
,	O	_	O	_	_	O	_	_	_
parare	O	_	O	_	_	O	_	_	NoSpaceAfter
,	O	_	O	_	_	O	_	_	_
alius	O	_	O	_	_	O	_	_	_
alium	O	_	O	_	_	O	_	_	_
hortari	O	_	O	_	_	O	_	_	NoSpaceAfter
,	O	_	O	_	_	O	_	_	_
hostibus	O	_	O	_	_	O	_	_	_
obviam	O	_	O	_	_	O	_	_	_
ire	O	_	O	_	_	O	_	_	NoSpaceAfter
,	O	_	O	_	_	O	_	_	_
libertatem	O	_	O	_	_	O	_	_	NoSpaceAfter
,	O	_	O	_	_	O	_	_	_
patriam	O	_	O	_	_	O	_	_	_
parentisque	O	_	O	_	_	O	_	_	_
armis	O	_	O	_	_	O	_	_	_
tegere	O	_	O	_	_	O	_	_	NoSpaceAfter
.	O	_	O	_	_	O	_	_	EndOfSentence
Post	O	_	O	_	_	O	_	_	NoSpaceAfter
,	O	_	O	_	_	O	_	_	_
ubi	O	_	O	_	_	O	_	_	_
pericula	O	_	O	_	_	O	_	_	_
virtute	O	_	O	_	_	O	_	_	_
propulerant	O	_	O	_	_	O	_	_	NoSpaceAfter
,	O	_	O	_	_	O	_	_	_
sociis	O	_	O	_	_	O	_	_	_
atque	O	_	O	_	_	O	_	_	_
amicis	O	_	O	_	_	O	_	_	_
auxilia	O	_	O	_	_	O	_	_	_
portabant	O	_	O	_	_	O	_	_	_
magisque	O	_	O	_	_	O	_	_	_
dandis	O	_	O	_	_	O	_	_	_
quam	O	_	O	_	_	O	_	_	_
accipiundis	O	_	O	_	_	O	_	_	_
beneficiis	O	_	O	_	_	O	_	_	_
amicitias	O	_	O	_	_	O	_	_	_
parabant	O	_	O	_	_	O	_	_	NoSpaceAfter
.	O	_	O	_	_	O	_	_	EndOfSentence
6	O	_	O	_	_	O	_	_	_
Imperium	O	_	O	_	_	O	_	_	_
legitumum	O	_	O	_	_	O	_	_	NoSpaceAfter
,	O	_	O	_	_	O	_	_	_
nomen	O	_	O	_	_	O	_	_	_
imperi	O	_	O	_	_	O	_	_	_
regium	O	_	O	_	_	O	_	_	_
habebant	O	_	O	_	_	O	_	_	NoSpaceAfter
.	O	_	O	_	_	O	_	_	EndOfSentence
Delecti	O	_	O	_	_	O	_	_	NoSpaceAfter
,	O	_	O	_	_	O	_	_	_
quibus	O	_	O	_	_	O	_	_	_
corpus	O	_	O	_	_	O	_	_	_
annis	O	_	O	_	_	O	_	_	_
infirmum	O	_	O	_	_	O	_	_	NoSpaceAfter
,	O	_	O	_	_	O	_	_	_
ingenium	O	_	O	_	_	O	_	_	_
sapientia	O	_	O	_	_	O	_	_	_
validum	O	_	O	_	_	O	_	_	_
erat	O	_	O	_	_	O	_	_	NoSpaceAfter
,	O	_	O	_	_	O	_	_	_
rei	O	_	O	_	_	O	_	_	_
publicae	O	_	O	_	_	O	_	_	_
consultabant	O	_	O	_	_	O	_	_	NoSpaceAfter
;	O	_	O	_	_	O	_	_	_
hi	O	_	O	_	_	O	_	_	_
vel	O	_	O	_	_	O	_	_	_
aetate	O	_	O	_	_	O	_	_	_
vel	O	_	O	_	_	O	_	_	_
curae	O	_	O	_	_	O	_	_	_
similitudine	O	_	O	_	_	O	_	_	_
patres	O	_	O	_	_	O	_	_	_
appellabantur	O	_	O	_	_	O	_	_	NoSpaceAfter
.	O	_	O	_	_	O	_	_	EndOfSentence
7	O	_	O	_	_	O	_	_	_
Post	O	_	O	_	_	O	_	_	NoSpaceAfter
,	O	_	O	_	_	O	_	_	_
ubi	O	_	O	_	_	O	_	_	_
regium	O	_	O	_	_	O	_	_	_
imperium	O	_	O	_	_	O	_	_	NoSpaceAfter
,	O	_	O	_	_	O	_	_	_
quod	O	_	O	_	_	O	_	_	_
initio	O	_	O	_	_	O	_	_	_
conservandae	O	_	O	_	_	O	_	_	_
libertatis	O	_	O	_	_	O	_	_	_
atque	O	_	O	_	_	O	_	_	_
augendae	O	_	O	_	_	O	_	_	_
rei	O	_	O	_	_	O	_	_	_
publicae	O	_	O	_	_	O	_	_	_
fuerat	O	_	O	_	_	O	_	_	NoSpaceAfter
,	O	_	O	_	_	O	_	_	_
in	O	_	O	_	_	O	_	_	_
superbiam	O	_	O	_	_	O	_	_	_
dominationemque	O	_	O	_	_	O	_	_	_
se	O	_	O	_	_	O	_	_	_
convortit	O	_	O	_	_	O	_	_	NoSpaceAfter
,	O	_	O	_	_	O	_	_	_
inmutato	O	_	O	_	_	O	_	_	_
more	O	_	O	_	_	O	_	_	_
annua	O	_	O	_	_	O	_	_	_
imperia	O	_	O	_	_	O	_	_	_
binosque	O	_	O	_	_	O	_	_	_
imperatores	O	_	O	_	_	O	_	_	_
sibi	O	_	O	_	_	O	_	_	_
fecere	O	_	O	_	_	O	_	_	NoSpaceAfter
:	O	_	O	_	_	O	_	_	_
eo	O	_	O	_	_	O	_	_	_
modo	O	_	O	_	_	O	_	_	_
minume	O	_	O	_	_	O	_	_	_
posse	O	_	O	_	_	O	_	_	_
putabant	O	_	O	_	_	O	_	_	_
per	O	_	O	_	_	O	_	_	_
licentiam	O	_	O	_	_	O	_	_	_
insolescere	O	_	O	_	_	O	_	_	_
animum	O	_	O	_	_	O	_	_	_
humanum	O	_	O	_	_	O	_	_	NoSpaceAfter
.	O	_	O	_	_	O	_	_	EndOfSentence
[	O	_	O	_	_	O	_	_	NoSpaceAfter
7	O	_	O	_	_	O	_	_	NoSpaceAfter
]	O	_	O	_	_	O	_	_	_
1	O	_	O	_	_	O	_	_	_
Sed	O	_	O	_	_	O	_	_	_
ea	O	_	O	_	_	O	_	_	_
tempestate	O	_	O	_	_	O	_	_	_
coepere	O	_	O	_	_	O	_	_	_
se	O	_	O	_	_	O	_	_	_
quisque	O	_	O	_	_	O	_	_	_
magis	O	_	O	_	_	O	_	_	_
extollere	O	_	O	_	_	O	_	_	_
magisque	O	_	O	_	_	O	_	_	_
ingenium	O	_	O	_	_	O	_	_	_
in	O	_	O	_	_	O	_	_	_
promptu	O	_	O	_	_	O	_	_	_
habere	O	_	O	_	_	O	_	_	NoSpaceAfter
.	O	_	O	_	_	O	_	_	EndOfSentence
2	O	_	O	_	_	O	_	_	_
Nam	O	_	O	_	_	O	_	_	_
regibus	O	_	O	_	_	O	_	_	_
boni	O	_	O	_	_	O	_	_	_
quam	O	_	O	_	_	O	_	_	_
mali	O	_	O	_	_	O	_	_	_
suspectiores	O	_	O	_	_	O	_	_	_
sunt	O	_	O	_	_	O	_	_	_
semperque	O	_	O	_	_	O	_	_	_
iis	O	_	O	_	_	O	_	_	_
aliena	O	_	O	_	_	O	_	_	_
virtus	O	_	O	_	_	O	_	_	_
formidulosa	O	_	O	_	_	O	_	_	_
est	O	_	O	_	_	O	_	_	NoSpaceAfter
.	O	_	O	_	_	O	_	_	EndOfSentence
3	O	_	O	_	_	O	_	_	_
Sed	O	_	O	_	_	O	_	_	_
civitas	O	_	O	_	_	O	_	_	_
incredibile	O	_	O	_	_	O	_	_	_
memoratu	O	_	O	_	_	O	_	_	_
est	O	_	O	_	_	O	_	_	_
adepta	O	_	O	_	_	O	_	_	_
libertate	O	_	O	_	_	O	_	_	_
quantum	O	_	O	_	_	O	_	_	_
brevi	O	_	O	_	_	O	_	_	_
creverit	O	_	O	_	_	O	_	_	NoSpaceAfter
;	O	_	O	_	_	O	_	_	_
tanta	O	_	O	_	_	O	_	_	_
cupido	O	_	O	_	_	O	_	_	_
gloriae	O	_	O	_	_	O	_	_	_
incesserat	O	_	O	_	_	O	_	_	NoSpaceAfter
.	O	_	O	_	_	O	_	_	EndOfSentence
4	O	_	O	_	_	O	_	_	_
Iam	O	_	O	_	_	O	_	_	_
primum	O	_	O	_	_	O	_	_	_
iuventus	O	_	O	_	_	O	_	_	NoSpaceAfter
,	O	_	O	_	_	O	_	_	_
simul	O	_	O	_	_	O	_	_	_
ac	O	_	O	_	_	O	_	_	_
belli	O	_	O	_	_	O	_	_	_
patiens	O	_	O	_	_	O	_	_	_
erat	O	_	O	_	_	O	_	_	NoSpaceAfter
,	O	_	O	_	_	O	_	_	_
in	O	_	O	_	_	O	_	_	_
castris	O	_	O	_	_	O	_	_	_
per	O	_	O	_	_	O	_	_	_
laborem	O	_	O	_	_	O	_	_	_
usum	O	_	O	_	_	O	_	_	_
militiae	O	_	O	_	_	O	_	_	_
discebat	O	_	O	_	_	O	_	_	_
magisque	O	_	O	_	_	O	_	_	_
in	O	_	O	_	_	O	_	_	_
decoris	O	_	O	_	_	O	_	_	_
armis	O	_	O	_	_	O	_	_	_
et	O	_	O	_	_	O	_	_	_
militaribus	O	_	O	_	_	O	_	_	_
equis	O	_	O	_	_	O	_	_	_
quam	O	_	O	_	_	O	_	_	_
in	O	_	O	_	_	O	_	_	_
scortis	O	_	O	_	_	O	_	_	_
atque	O	_	O	_	_	O	_	_	_
conviviis	O	_	O	_	_	O	_	_	_
lubidinem	O	_	O	_	_	O	_	_	_
habebant	O	_	O	_	_	O	_	_	NoSpaceAfter
.	O	_	O	_	_	O	_	_	EndOfSentence
5	O	_	O	_	_	O	_	_	_
Igitur	O	_	O	_	_	O	_	_	_
talibus	O	_	O	_	_	O	_	_	_
viris	O	_	O	_	_	O	_	_	_
non	O	_	O	_	_	O	_	_	_
labor	O	_	O	_	_	O	_	_	_
insolitus	O	_	O	_	_	O	_	_	NoSpaceAfter
,	O	_	O	_	_	O	_	_	_
non	O	_	O	_	_	O	_	_	_
locus	O	_	O	_	_	O	_	_	_
ullus	O	_	O	_	_	O	_	_	_
asper	O	_	O	_	_	O	_	_	_
aut	O	_	O	_	_	O	_	_	_
arduus	O	_	O	_	_	O	_	_	_
erat	O	_	O	_	_	O	_	_	NoSpaceAfter
,	O	_	O	_	_	O	_	_	_
non	O	_	O	_	_	O	_	_	_
armatus	O	_	O	_	_	O	_	_	_
hostis	O	_	O	_	_	O	_	_	_
formidulosus	O	_	O	_	_	O	_	_	NoSpaceAfter
:	O	_	O	_	_	O	_	_	_
virtus	O	_	O	_	_	O	_	_	_
omnia	O	_	O	_	_	O	_	_	_
domuerat	O	_	O	_	_	O	_	_	NoSpaceAfter
.	O	_	O	_	_	O	_	_	EndOfSentence
6	O	_	O	_	_	O	_	_	_
Sed	O	_	O	_	_	O	_	_	_
gloriae	O	_	O	_	_	O	_	_	_
maxumum	O	_	O	_	_	O	_	_	_
certamen	O	_	O	_	_	O	_	_	_
inter	O	_	O	_	_	O	_	_	_
ipsos	O	_	O	_	_	O	_	_	_
erat	O	_	O	_	_	O	_	_	NoSpaceAfter
:	O	_	O	_	_	O	_	_	_
se	O	_	O	_	_	O	_	_	_
quisque	O	_	O	_	_	O	_	_	_
hostem	O	_	O	_	_	O	_	_	_
ferire	O	_	O	_	_	O	_	_	NoSpaceAfter
,	O	_	O	_	_	O	_	_	_
murum	O	_	O	_	_	O	_	_	_
ascendere	O	_	O	_	_	O	_	_	NoSpaceAfter
,	O	_	O	_	_	O	_	_	_
conspici	O	_	O	_	_	O	_	_	NoSpaceAfter
,	O	_	O	_	_	O	_	_	_
dum	O	_	O	_	_	O	_	_	_
tale	O	_	O	_	_	O	_	_	_
facinus	O	_	O	_	_	O	_	_	_
faceret	O	_	O	_	_	O	_	_	NoSpaceAfter
,	O	_	O	_	_	O	_	_	_
properabat	O	_	O	_	_	O	_	_	NoSpaceAfter
.	O	_	O	_	_	O	_	_	EndOfSentence
Eas	O	_	O	_	_	O	_	_	_
divitias	O	_	O	_	_	O	_	_	NoSpaceAfter
,	O	_	O	_	_	O	_	_	_
eam	O	_	O	_	_	O	_	_	_
bonam	O	_	O	_	_	O	_	_	_
famam	O	_	O	_	_	O	_	_	_
magnamque	O	_	O	_	_	O	_	_	_
nobilitatem	O	_	O	_	_	O	_	_	_
putabant	O	_	O	_	_	O	_	_	NoSpaceAfter
.	O	_	O	_	_	O	_	_	EndOfSentence
Laudis	O	_	O	_	_	O	_	_	_
avidi	O	_	O	_	_	O	_	_	NoSpaceAfter
,	O	_	O	_	_	O	_	_	_
pecuniae	O	_	O	_	_	O	_	_	_
liberales	O	_	O	_	_	O	_	_	_
erant	O	_	O	_	_	O	_	_	NoSpaceAfter
,	O	_	O	_	_	O	_	_	_
gloriam	O	_	O	_	_	O	_	_	_
ingentem	O	_	O	_	_	O	_	_	NoSpaceAfter
,	O	_	O	_	_	O	_	_	_
divitias	O	_	O	_	_	O	_	_	_
honestas	O	_	O	_	_	O	_	_	_
volebant	O	_	O	_	_	O	_	_	NoSpaceAfter
.	O	_	O	_	_	O	_	_	EndOfSentence
7	O	_	O	_	_	O	_	_	_
Memorare	O	_	O	_	_	O	_	_	_
possum	O	_	O	_	_	O	_	_	NoSpaceAfter
,	O	_	O	_	_	O	_	_	_
quibus	O	_	O	_	_	O	_	_	_
in	O	_	O	_	_	O	_	_	_
locis	O	_	O	_	_	O	_	_	_
maxumas	O	_	O	_	_	O	_	_	_
hostium	O	_	O	_	_	O	_	_	_
copias	O	_	O	_	_	O	_	_	_
populus	B-collective	_	B-collective.ethnic	_	_	O	_	_	_
Romanus	I-collective	_	I-collective.ethnic	_	_	O	_	_	_
parva	O	_	O	_	_	O	_	_	_
manu	O	_	O	_	_	O	_	_	_
fuderit	O	_	O	_	_	O	_	_	NoSpaceAfter
,	O	_	O	_	_	O	_	_	_
quas	O	_	O	_	_	O	_	_	_
urbis	O	_	O	_	_	O	_	_	_
natura	O	_	O	_	_	O	_	_	_
munitas	O	_	O	_	_	O	_	_	_
pugnando	O	_	O	_	_	O	_	_	_
ceperit	O	_	O	_	_	O	_	_	NoSpaceAfter
,	O	_	O	_	_	O	_	_	_
ni	O	_	O	_	_	O	_	_	_
ea	O	_	O	_	_	O	_	_	_
res	O	_	O	_	_	O	_	_	_
longius	O	_	O	_	_	O	_	_	_
nos	O	_	O	_	_	O	_	_	_
ab	O	_	O	_	_	O	_	_	_
incepto	O	_	O	_	_	O	_	_	_
traheret	O	_	O	_	_	O	_	_	NoSpaceAfter
.	O	_	O	_	_	O	_	_	EndOfSentence
[	O	_	O	_	_	O	_	_	NoSpaceAfter
8	O	_	O	_	_	O	_	_	NoSpaceAfter
]	O	_	O	_	_	O	_	_	_
1	O	_	O	_	_	O	_	_	_
Sed	O	_	O	_	_	O	_	_	_
profecto	O	_	O	_	_	O	_	_	_
fortuna	O	_	O	_	_	O	_	_	_
in	O	_	O	_	_	O	_	_	_
omni	O	_	O	_	_	O	_	_	_
re	O	_	O	_	_	O	_	_	_
dominatur	O	_	O	_	_	O	_	_	NoSpaceAfter
;	O	_	O	_	_	O	_	_	_
ea	O	_	O	_	_	O	_	_	_
res	O	_	O	_	_	O	_	_	_
cunctas	O	_	O	_	_	O	_	_	_
ex	O	_	O	_	_	O	_	_	_
lubidine	O	_	O	_	_	O	_	_	_
magis	O	_	O	_	_	O	_	_	_
quam	O	_	O	_	_	O	_	_	_
ex	O	_	O	_	_	O	_	_	_
vero	O	_	O	_	_	O	_	_	_
celebrat	O	_	O	_	_	O	_	_	_
obscuratque	O	_	O	_	_	O	_	_	NoSpaceAfter
.	O	_	O	_	_	O	_	_	EndOfSentence
2	O	_	O	_	_	O	_	_	_
Atheniensium	B-collective	_	B-collective.ethnic	_	_	O	_	_	_
res	O	_	O	_	_	O	_	_	_
gestae	O	_	O	_	_	O	_	_	NoSpaceAfter
,	O	_	O	_	_	O	_	_	_
sicuti	O	_	O	_	_	O	_	_	_
ego	O	_	O	_	_	O	_	_	_
aestumo	O	_	O	_	_	O	_	_	NoSpaceAfter
,	O	_	O	_	_	O	_	_	_
satis	O	_	O	_	_	O	_	_	_
amplae	O	_	O	_	_	O	_	_	_
magnificaeque	O	_	O	_	_	O	_	_	_
fuere	O	_	O	_	_	O	_	_	NoSpaceAfter
,	O	_	O	_	_	O	_	_	_
verum	O	_	O	_	_	O	_	_	_
aliquanto	O	_	O	_	_	O	_	_	_
minores	O	_	O	_	_	O	_	_	_
tamen	O	_	O	_	_	O	_	_	NoSpaceAfter
,	O	_	O	_	_	O	_	_	_
quam	O	_	O	_	_	O	_	_	_
fama	O	_	O	_	_	O	_	_	_
feruntur	O	_	O	_	_	O	_	_	NoSpaceAfter
.	O	_	O	_	_	O	_	_	EndOfSentence
3	O	_	O	_	_	O	_	_	_
Sed	O	_	O	_	_	O	_	_	_
quia	O	_	O	_	_	O	_	_	_
provenere	O	_	O	_	_	O	_	_	_
ibi	O	_	O	_	_	O	_	_	_
scriptorum	O	_	O	_	_	O	_	_	_
magna	O	_	O	_	_	O	_	_	_
ingenia	O	_	O	_	_	O	_	_	NoSpaceAfter
,	O	_	O	_	_	O	_	_	_
per	O	_	O	_	_	O	_	_	_
terrarum	O	_	O	_	_	O	_	_	_
orbem	O	_	O	_	_	O	_	_	_
Atheniensium	B-collective	_	B-collective.ethnic	_	_	O	_	_	_
facta	O	_	O	_	_	O	_	_	_
pro	O	_	O	_	_	O	_	_	_
maxumis	O	_	O	_	_	O	_	_	_
celebrantur	O	_	O	_	_	O	_	_	NoSpaceAfter
.	O	_	O	_	_	O	_	_	EndOfSentence
4	O	_	O	_	_	O	_	_	_
Ita	O	_	O	_	_	O	_	_	_
eorum	O	_	O	_	_	O	_	_	NoSpaceAfter
,	O	_	O	_	_	O	_	_	_
qui	O	_	O	_	_	O	_	_	_
fecere	O	_	O	_	_	O	_	_	NoSpaceAfter
,	O	_	O	_	_	O	_	_	_
virtus	O	_	O	_	_	O	_	_	_
tanta	O	_	O	_	_	O	_	_	_
habetur	O	_	O	_	_	O	_	_	NoSpaceAfter
,	O	_	O	_	_	O	_	_	_
quantum	O	_	O	_	_	O	_	_	_
eam	O	_	O	_	_	O	_	_	_
verbis	O	_	O	_	_	O	_	_	_
potuere	O	_	O	_	_	O	_	_	_
extollere	O	_	O	_	_	O	_	_	_
praeclara	O	_	O	_	_	O	_	_	_
ingenia	O	_	O	_	_	O	_	_	NoSpaceAfter
.	O	_	O	_	_	O	_	_	EndOfSentence
5	O	_	O	_	_	O	_	_	_
At	O	_	O	_	_	O	_	_	_
populo	B-collective	_	B-collective.ethnic	_	_	O	_	_	_
Romano	I-collective	_	I-collective.ethnic	_	_	O	_	_	_
numquam	O	_	O	_	_	O	_	_	_
ea	O	_	O	_	_	O	_	_	_
copia	O	_	O	_	_	O	_	_	_
fuit	O	_	O	_	_	O	_	_	NoSpaceAfter
,	O	_	O	_	_	O	_	_	_
quia	O	_	O	_	_	O	_	_	_
prudentissumus	O	_	O	_	_	O	_	_	_
quisque	O	_	O	_	_	O	_	_	_
maxume	O	_	O	_	_	O	_	_	_
negotiosus	O	_	O	_	_	O	_	_	_
erat	O	_	O	_	_	O	_	_	NoSpaceAfter
:	O	_	O	_	_	O	_	_	_
ingenium	O	_	O	_	_	O	_	_	_
nemo	O	_	O	_	_	O	_	_	_
sine	O	_	O	_	_	O	_	_	_
corpore	O	_	O	_	_	O	_	_	_
exercebat	O	_	O	_	_	O	_	_	NoSpaceAfter
,	O	_	O	_	_	O	_	_	_
optumus	O	_	O	_	_	O	_	_	_
quisque	O	_	O	_	_	O	_	_	_
facere	O	_	O	_	_	O	_	_	_
quam	O	_	O	_	_	O	_	_	_
dicere	O	_	O	_	_	O	_	_	NoSpaceAfter
,	O	_	O	_	_	O	_	_	_
sua	O	_	O	_	_	O	_	_	_
ab	O	_	O	_	_	O	_	_	_
aliis	O	_	O	_	_	O	_	_	_
benefacta	O	_	O	_	_	O	_	_	_
laudari	O	_	O	_	_	O	_	_	_
quam	O	_	O	_	_	O	_	_	_
ipse	O	_	O	_	_	O	_	_	_
aliorum	O	_	O	_	_	O	_	_	_
narrare	O	_	O	_	_	O	_	_	_
malebat	O	_	O	_	_	O	_	_	NoSpaceAfter
.	O	_	O	_	_	O	_	_	EndOfSentence
[	O	_	O	_	_	O	_	_	NoSpaceAfter
9	O	_	O	_	_	O	_	_	NoSpaceAfter
]	O	_	O	_	_	O	_	_	_
1	O	_	O	_	_	O	_	_	_
Igitur	O	_	O	_	_	O	_	_	_
domi	O	_	O	_	_	O	_	_	_
militiaeque	O	_	O	_	_	O	_	_	_
boni	O	_	O	_	_	O	_	_	_
mores	O	_	O	_	_	O	_	_	_
colebantur	O	_	O	_	_	O	_	_	NoSpaceAfter
;	O	_	O	_	_	O	_	_	_
concordia	O	_	O	_	_	O	_	_	_
maxuma	O	_	O	_	_	O	_	_	NoSpaceAfter
,	O	_	O	_	_	O	_	_	_
minuma	O	_	O	_	_	O	_	_	_
avaritia	O	_	O	_	_	O	_	_	_
erat	O	_	O	_	_	O	_	_	NoSpaceAfter
;	O	_	O	_	_	O	_	_	_
ius	O	_	O	_	_	O	_	_	_
bonumque	O	_	O	_	_	O	_	_	_
apud	O	_	O	_	_	O	_	_	_
eos	O	_	O	_	_	O	_	_	_
non	O	_	O	_	_	O	_	_	_
legibus	O	_	O	_	_	O	_	_	_
magis	O	_	O	_	_	O	_	_	_
quam	O	_	O	_	_	O	_	_	_
natura	O	_	O	_	_	O	_	_	_
valebat	O	_	O	_	_	O	_	_	NoSpaceAfter
.	O	_	O	_	_	O	_	_	EndOfSentence
2	O	_	O	_	_	O	_	_	_
Iurgia	O	_	O	_	_	O	_	_	NoSpaceAfter
,	O	_	O	_	_	O	_	_	_
discordias	O	_	O	_	_	O	_	_	NoSpaceAfter
,	O	_	O	_	_	O	_	_	_
simultates	O	_	O	_	_	O	_	_	_
cum	O	_	O	_	_	O	_	_	_
hostibus	O	_	O	_	_	O	_	_	_
exercebant	O	_	O	_	_	O	_	_	NoSpaceAfter
,	O	_	O	_	_	O	_	_	_
cives	O	_	O	_	_	O	_	_	_
cum	O	_	O	_	_	O	_	_	_
civibus	O	_	O	_	_	O	_	_	_
de	O	_	O	_	_	O	_	_	_
virtute	O	_	O	_	_	O	_	_	_
certabant	O	_	O	_	_	O	_	_	NoSpaceAfter
.	O	_	O	_	_	O	_	_	EndOfSentence
In	O	_	O	_	_	O	_	_	_
suppliciis	O	_	O	_	_	O	_	_	_
deorum	O	_	O	_	_	O	_	_	_
magnifici	O	_	O	_	_	O	_	_	NoSpaceAfter
,	O	_	O	_	_	O	_	_	_
domi	O	_	O	_	_	O	_	_	_
parci	O	_	O	_	_	O	_	_	NoSpaceAfter
,	O	_	O	_	_	O	_	_	_
in	O	_	O	_	_	O	_	_	_
amicos	O	_	O	_	_	O	_	_	_
fideles	O	_	O	_	_	O	_	_	_
erant	O	_	O	_	_	O	_	_	NoSpaceAfter
.	O	_	O	_	_	O	_	_	_
3	O	_	O	_	_	O	_	_	_
Duabus	O	_	O	_	_	O	_	_	_
his	O	_	O	_	_	O	_	_	_
artibus	O	_	O	_	_	O	_	_	NoSpaceAfter
,	O	_	O	_	_	O	_	_	_
audacia	O	_	O	_	_	O	_	_	_
in	O	_	O	_	_	O	_	_	_
bello	O	_	O	_	_	O	_	_	NoSpaceAfter
,	O	_	O	_	_	O	_	_	_
ubi	O	_	O	_	_	O	_	_	_
pax	O	_	O	_	_	O	_	_	_
evenerat	O	_	O	_	_	O	_	_	NoSpaceAfter
,	O	_	O	_	_	O	_	_	_
aequitate	O	_	O	_	_	O	_	_	NoSpaceAfter
,	O	_	O	_	_	O	_	_	_
seque	O	_	O	_	_	O	_	_	_
remque	O	_	O	_	_	O	_	_	_
publicam	O	_	O	_	_	O	_	_	_
curabant	O	_	O	_	_	O	_	_	NoSpaceAfter
.	O	_	O	_	_	O	_	_	EndOfSentence
4	O	_	O	_	_	O	_	_	_
Quarum	O	_	O	_	_	O	_	_	_
rerum	O	_	O	_	_	O	_	_	_
ego	O	_	O	_	_	O	_	_	_
maxuma	O	_	O	_	_	O	_	_	_
documenta	O	_	O	_	_	O	_	_	_
haec	O	_	O	_	_	O	_	_	_
habeo	O	_	O	_	_	O	_	_	NoSpaceAfter
,	O	_	O	_	_	O	_	_	_
quod	O	_	O	_	_	O	_	_	_
in	O	_	O	_	_	O	_	_	_
bello	O	_	O	_	_	O	_	_	_
saepius	O	_	O	_	_	O	_	_	_
vindicatum	O	_	O	_	_	O	_	_	_
est	O	_	O	_	_	O	_	_	_
in	O	_	O	_	_	O	_	_	_
eos	O	_	O	_	_	O	_	_	NoSpaceAfter
,	O	_	O	_	_	O	_	_	_
qui	O	_	O	_	_	O	_	_	_
contra	O	_	O	_	_	O	_	_	_
imperium	O	_	O	_	_	O	_	_	_
in	O	_	O	_	_	O	_	_	_
hostem	O	_	O	_	_	O	_	_	_
pugnaverant	O	_	O	_	_	O	_	_	_
quique	O	_	O	_	_	O	_	_	_
tardius	O	_	O	_	_	O	_	_	_
revocati	O	_	O	_	_	O	_	_	_
proelio	O	_	O	_	_	O	_	_	_
excesserant	O	_	O	_	_	O	_	_	NoSpaceAfter
,	O	_	O	_	_	O	_	_	_
quam	O	_	O	_	_	O	_	_	_
qui	O	_	O	_	_	O	_	_	_
signa	O	_	O	_	_	O	_	_	_
relinquere	O	_	O	_	_	O	_	_	_
aut	O	_	O	_	_	O	_	_	_
pulsi	O	_	O	_	_	O	_	_	_
loco	O	_	O	_	_	O	_	_	_
cedere	O	_	O	_	_	O	_	_	_
ausi	O	_	O	_	_	O	_	_	_
erant	O	_	O	_	_	O	_	_	NoSpaceAfter
;	O	_	O	_	_	O	_	_	_
5	O	_	O	_	_	O	_	_	_
in	O	_	O	_	_	O	_	_	_
pace	O	_	O	_	_	O	_	_	_
vero	O	_	O	_	_	O	_	_	NoSpaceAfter
,	O	_	O	_	_	O	_	_	_
quod	O	_	O	_	_	O	_	_	_
beneficiis	O	_	O	_	_	O	_	_	_
magis	O	_	O	_	_	O	_	_	_
quam	O	_	O	_	_	O	_	_	_
metu	O	_	O	_	_	O	_	_	_
imperium	O	_	O	_	_	O	_	_	_
agitabant	O	_	O	_	_	O	_	_	_
et	O	_	O	_	_	O	_	_	_
accepta	O	_	O	_	_	O	_	_	_
iniuria	O	_	O	_	_	O	_	_	_
ignoscere	O	_	O	_	_	O	_	_	_
quam	O	_	O	_	_	O	_	_	_
persequi	O	_	O	_	_	O	_	_	_
malebant	O	_	O	_	_	O	_	_	NoSpaceAfter
.	O	_	O	_	_	O	_	_	EndOfSentence
[	O	_	O	_	_	O	_	_	NoSpaceAfter
10	O	_	O	_	_	O	_	_	NoSpaceAfter
]	O	_	O	_	_	O	_	_	_
1	O	_	O	_	_	O	_	_	_
Sed	O	_	O	_	_	O	_	_	_
ubi	O	_	O	_	_	O	_	_	_
labore	O	_	O	_	_	O	_	_	_
atque	O	_	O	_	_	O	_	_	_
iustitia	O	_	O	_	_	O	_	_	_
res	O	_	O	_	_	O	_	_	_
publica	O	_	O	_	_	O	_	_	_
crevit	O	_	O	_	_	O	_	_	NoSpaceAfter
,	O	_	O	_	_	O	_	_	_
reges	O	_	O	_	_	O	_	_	_
magni	O	_	O	_	_	O	_	_	_
bello	O	_	O	_	_	O	_	_	_
domiti	O	_	O	_	_	O	_	_	NoSpaceAfter
,	O	_	O	_	_	O	_	_	_
nationes	O	_	O	_	_	O	_	_	_
ferae	O	_	O	_	_	O	_	_	_
et	O	_	O	_	_	O	_	_	_
populi	O	_	O	_	_	O	_	_	_
ingentes	O	_	O	_	_	O	_	_	_
vi	O	_	O	_	_	O	_	_	_
subacti	O	_	O	_	_	O	_	_	NoSpaceAfter
,	O	_	O	_	_	O	_	_	_
Carthago	B-place	_	B-place	_	_	O	_	_	NoSpaceAfter
,	O	_	O	_	_	O	_	_	_
aemula	O	_	O	_	_	O	_	_	_
imperi	B-collective	_	B-collective.organization	_	_	O	_	_	_
Romani	I-collective	_	I-collective.organization	_	_	O	_	_	NoSpaceAfter
,	O	_	O	_	_	O	_	_	_
ab	O	_	O	_	_	O	_	_	_
stirpe	O	_	O	_	_	O	_	_	_
interiit	O	_	O	_	_	O	_	_	NoSpaceAfter
,	O	_	O	_	_	O	_	_	_
cuncta	O	_	O	_	_	O	_	_	_
maria	O	_	O	_	_	O	_	_	_
terraeque	O	_	O	_	_	O	_	_	_
patebant	O	_	O	_	_	O	_	_	NoSpaceAfter
,	O	_	O	_	_	O	_	_	_
saevire	O	_	O	_	_	O	_	_	_
fortuna	O	_	O	_	_	O	_	_	_
ac	O	_	O	_	_	O	_	_	_
miscere	O	_	O	_	_	O	_	_	_
omnia	O	_	O	_	_	O	_	_	_
coepit	O	_	O	_	_	O	_	_	NoSpaceAfter
.	O	_	O	_	_	O	_	_	EndOfSentence
2	O	_	O	_	_	O	_	_	_
Qui	O	_	O	_	_	O	_	_	_
labores	O	_	O	_	_	O	_	_	NoSpaceAfter
,	O	_	O	_	_	O	_	_	_
pericula	O	_	O	_	_	O	_	_	NoSpaceAfter
,	O	_	O	_	_	O	_	_	_
dubias	O	_	O	_	_	O	_	_	_
atque	O	_	O	_	_	O	_	_	_
asperas	O	_	O	_	_	O	_	_	_
res	O	_	O	_	_	O	_	_	_
facile	O	_	O	_	_	O	_	_	_
toleraverant	O	_	O	_	_	O	_	_	NoSpaceAfter
,	O	_	O	_	_	O	_	_	_
iis	O	_	O	_	_	O	_	_	_
otium	O	_	O	_	_	O	_	_	_
divitiaeque	O	_	O	_	_	O	_	_	_
optanda	O	_	O	_	_	O	_	_	_
alias	O	_	O	_	_	O	_	_	NoSpaceAfter
,	O	_	O	_	_	O	_	_	_
oneri	O	_	O	_	_	O	_	_	_
miseriaeque	O	_	O	_	_	O	_	_	_
fuere	O	_	O	_	_	O	_	_	NoSpaceAfter
.	O	_	O	_	_	O	_	_	EndOfSentence
3	O	_	O	_	_	O	_	_	_
Igitur	O	_	O	_	_	O	_	_	_
primo	O	_	O	_	_	O	_	_	_
imperi	O	_	O	_	_	O	_	_	NoSpaceAfter
,	O	_	O	_	_	O	_	_	_
deinde	O	_	O	_	_	O	_	_	_
pecuniae	O	_	O	_	_	O	_	_	_
cupido	O	_	O	_	_	O	_	_	_
crevit	O	_	O	_	_	O	_	_	NoSpaceAfter
:	O	_	O	_	_	O	_	_	_
ea	O	_	O	_	_	O	_	_	_
quasi	O	_	O	_	_	O	_	_	_
materies	O	_	O	_	_	O	_	_	_
omnium	O	_	O	_	_	O	_	_	_
malorum	O	_	O	_	_	O	_	_	_
fuere	O	_	O	_	_	O	_	_	NoSpaceAfter
.	O	_	O	_	_	O	_	_	EndOfSentence
4	O	_	O	_	_	O	_	_	_
Namque	O	_	O	_	_	O	_	_	_
avaritia	O	_	O	_	_	O	_	_	_
fidem	O	_	O	_	_	O	_	_	NoSpaceAfter
,	O	_	O	_	_	O	_	_	_
probitatem	O	_	O	_	_	O	_	_	_
ceterasque	O	_	O	_	_	O	_	_	_
artis	O	_	O	_	_	O	_	_	_
bonas	O	_	O	_	_	O	_	_	_
subvortit	O	_	O	_	_	O	_	_	NoSpaceAfter
;	O	_	O	_	_	O	_	_	_
pro	O	_	O	_	_	O	_	_	_
his	O	_	O	_	_	O	_	_	_
superbiam	O	_	O	_	_	O	_	_	NoSpaceAfter
,	O	_	O	_	_	O	_	_	_
crudelitatem	O	_	O	_	_	O	_	_	NoSpaceAfter
,	O	_	O	_	_	O	_	_	_
deos	O	_	O	_	_	O	_	_	_
neglegere	O	_	O	_	_	O	_	_	NoSpaceAfter
,	O	_	O	_	_	O	_	_	_
omnia	O	_	O	_	_	O	_	_	_
venalia	O	_	O	_	_	O	_	_	_
habere	O	_	O	_	_	O	_	_	_
edocuit	O	_	O	_	_	O	_	_	NoSpaceAfter
.	O	_	O	_	_	O	_	_	EndOfSentence
5	O	_	O	_	_	O	_	_	_
Ambitio	O	_	O	_	_	O	_	_	_
multos	O	_	O	_	_	O	_	_	_
mortalis	O	_	O	_	_	O	_	_	_
falsos	O	_	O	_	_	O	_	_	_
fieri	O	_	O	_	_	O	_	_	_
subegit	O	_	O	_	_	O	_	_	NoSpaceAfter
,	O	_	O	_	_	O	_	_	_
aliud	O	_	O	_	_	O	_	_	_
clausum	O	_	O	_	_	O	_	_	_
in	O	_	O	_	_	O	_	_	_
pectore	O	_	O	_	_	O	_	_	NoSpaceAfter
,	O	_	O	_	_	O	_	_	_
aliud	O	_	O	_	_	O	_	_	_
in	O	_	O	_	_	O	_	_	_
lingua	O	_	O	_	_	O	_	_	_
promptum	O	_	O	_	_	O	_	_	_
habere	O	_	O	_	_	O	_	_	NoSpaceAfter
,	O	_	O	_	_	O	_	_	_
amicitias	O	_	O	_	_	O	_	_	_
inimicitiasque	O	_	O	_	_	O	_	_	_
non	O	_	O	_	_	O	_	_	_
ex	O	_	O	_	_	O	_	_	_
re	O	_	O	_	_	O	_	_	NoSpaceAfter
,	O	_	O	_	_	O	_	_	_
sed	O	_	O	_	_	O	_	_	_
ex	O	_	O	_	_	O	_	_	_
commodo	O	_	O	_	_	O	_	_	_
aestumare	O	_	O	_	_	O	_	_	_
magisque	O	_	O	_	_	O	_	_	_
voltum	O	_	O	_	_	O	_	_	_
quam	O	_	O	_	_	O	_	_	_
ingenium	O	_	O	_	_	O	_	_	_
bonum	O	_	O	_	_	O	_	_	_
habere	O	_	O	_	_	O	_	_	NoSpaceAfter
.	O	_	O	_	_	O	_	_	EndOfSentence
6	O	_	O	_	_	O	_	_	_
Haec	O	_	O	_	_	O	_	_	_
primo	O	_	O	_	_	O	_	_	_
paulatim	O	_	O	_	_	O	_	_	_
crescere	O	_	O	_	_	O	_	_	NoSpaceAfter
,	O	_	O	_	_	O	_	_	_
interdum	O	_	O	_	_	O	_	_	_
vindicari	O	_	O	_	_	O	_	_	NoSpaceAfter
;	O	_	O	_	_	O	_	_	_
post	O	_	O	_	_	O	_	_	NoSpaceAfter
,	O	_	O	_	_	O	_	_	_
ubi	O	_	O	_	_	O	_	_	_
contagio	O	_	O	_	_	O	_	_	_
quasi	O	_	O	_	_	O	_	_	_
pestilentia	O	_	O	_	_	O	_	_	_
invasit	O	_	O	_	_	O	_	_	NoSpaceAfter
,	O	_	O	_	_	O	_	_	_
civitas	O	_	O	_	_	O	_	_	_
inmutata	O	_	O	_	_	O	_	_	NoSpaceAfter
,	O	_	O	_	_	O	_	_	_
imperium	O	_	O	_	_	O	_	_	_
ex	O	_	O	_	_	O	_	_	_
iustissumo	O	_	O	_	_	O	_	_	_
atque	O	_	O	_	_	O	_	_	_
optumo	O	_	O	_	_	O	_	_	_
crudele	O	_	O	_	_	O	_	_	_
intolerandumque	O	_	O	_	_	O	_	_	_
factum	O	_	O	_	_	O	_	_	NoSpaceAfter
.	O	_	O	_	_	O	_	_	EndOfSentence
[	O	_	O	_	_	O	_	_	NoSpaceAfter
11	O	_	O	_	_	O	_	_	NoSpaceAfter
]	O	_	O	_	_	O	_	_	_
1	O	_	O	_	_	O	_	_	_
Sed	O	_	O	_	_	O	_	_	_
primo	O	_	O	_	_	O	_	_	_
magis	O	_	O	_	_	O	_	_	_
ambitio	O	_	O	_	_	O	_	_	_
quam	O	_	O	_	_	O	_	_	_
avaritia	O	_	O	_	_	O	_	_	_
animos	O	_	O	_	_	O	_	_	_
hominum	O	_	O	_	_	O	_	_	_
exercebat	O	_	O	_	_	O	_	_	NoSpaceAfter
,	O	_	O	_	_	O	_	_	_
quod	O	_	O	_	_	O	_	_	_
tamen	O	_	O	_	_	O	_	_	_
vitium	O	_	O	_	_	O	_	_	_
propius	O	_	O	_	_	O	_	_	_
virtutem	O	_	O	_	_	O	_	_	_
erat	O	_	O	_	_	O	_	_	NoSpaceAfter
.	O	_	O	_	_	O	_	_	EndOfSentence
2	O	_	O	_	_	O	_	_	_
Nam	O	_	O	_	_	O	_	_	_
gloriam	O	_	O	_	_	O	_	_	NoSpaceAfter
,	O	_	O	_	_	O	_	_	_
honorem	O	_	O	_	_	O	_	_	NoSpaceAfter
,	O	_	O	_	_	O	_	_	_
imperium	O	_	O	_	_	O	_	_	_
bonus	O	_	O	_	_	O	_	_	_
et	O	_	O	_	_	O	_	_	_
ignavus	O	_	O	_	_	O	_	_	_
aeque	O	_	O	_	_	O	_	_	_
sibi	O	_	O	_	_	O	_	_	_
exoptant	O	_	O	_	_	O	_	_	NoSpaceAfter
;	O	_	O	_	_	O	_	_	_
sed	O	_	O	_	_	O	_	_	_
ille	O	_	O	_	_	O	_	_	_
vera	O	_	O	_	_	O	_	_	_
via	O	_	O	_	_	O	_	_	_
nititur	O	_	O	_	_	O	_	_	NoSpaceAfter
,	O	_	O	_	_	O	_	_	_
huic	O	_	O	_	_	O	_	_	_
quia	O	_	O	_	_	O	_	_	_
bonae	O	_	O	_	_	O	_	_	_
artes	O	_	O	_	_	O	_	_	_
desunt	O	_	O	_	_	O	_	_	NoSpaceAfter
,	O	_	O	_	_	O	_	_	_
dolis	O	_	O	_	_	O	_	_	_
atque	O	_	O	_	_	O	_	_	_
fallaciis	O	_	O	_	_	O	_	_	_
contendit	O	_	O	_	_	O	_	_	NoSpaceAfter
.	O	_	O	_	_	O	_	_	EndOfSentence
3	O	_	O	_	_	O	_	_	_
Avaritia	O	_	O	_	_	O	_	_	_
pecuniae	O	_	O	_	_	O	_	_	_
studium	O	_	O	_	_	O	_	_	_
habet	O	_	O	_	_	O	_	_	NoSpaceAfter
,	O	_	O	_	_	O	_	_	_
quam	O	_	O	_	_	O	_	_	_
nemo	O	_	O	_	_	O	_	_	_
sapiens	O	_	O	_	_	O	_	_	_
concupivit	O	_	O	_	_	O	_	_	NoSpaceAfter
:	O	_	O	_	_	O	_	_	_
ea	O	_	O	_	_	O	_	_	_
quasi	O	_	O	_	_	O	_	_	_
venenis	O	_	O	_	_	O	_	_	_
malis	O	_	O	_	_	O	_	_	_
inbuta	O	_	O	_	_	O	_	_	_
corpus	O	_	O	_	_	O	_	_	_
animumque	O	_	O	_	_	O	_	_	_
virilem	O	_	O	_	_	O	_	_	_
effeminat	O	_	O	_	_	O	_	_	NoSpaceAfter
,	O	_	O	_	_	O	_	_	_
semper	O	_	O	_	_	O	_	_	_
infinita	O	_	O	_	_	O	_	_	NoSpaceAfter
,	O	_	O	_	_	O	_	_	_
insatiabilis	O	_	O	_	_	O	_	_	_
est	O	_	O	_	_	O	_	_	NoSpaceAfter
,	O	_	O	_	_	O	_	_	_
neque	O	_	O	_	_	O	_	_	_
copia	O	_	O	_	_	O	_	_	_
neque	O	_	O	_	_	O	_	_	_
inopia	O	_	O	_	_	O	_	_	_
minuitur	O	_	O	_	_	O	_	_	NoSpaceAfter
.	O	_	O	_	_	O	_	_	EndOfSentence
4	O	_	O	_	_	O	_	_	_
Sed	O	_	O	_	_	O	_	_	_
postquam	O	_	O	_	_	O	_	_	_
L	O	_	O	_	_	O	_	_	NoSpaceAfter
.	O	_	O	_	_	O	_	_	EndOfSentence
Sulla	B-person	_	B-person	_	_	O	_	_	_
armis	O	_	O	_	_	O	_	_	_
recepta	O	_	O	_	_	O	_	_	_
re	O	_	O	_	_	O	_	_	_
publica	O	_	O	_	_	O	_	_	_
bonis	O	_	O	_	_	O	_	_	_
initiis	O	_	O	_	_	O	_	_	_
malos	O	_	O	_	_	O	_	_	_
eventus	O	_	O	_	_	O	_	_	_
habuit	O	_	O	_	_	O	_	_	NoSpaceAfter
,	O	_	O	_	_	O	_	_	_
rapere	O	_	O	_	_	O	_	_	_
omnes	O	_	O	_	_	O	_	_	NoSpaceAfter
,	O	_	O	_	_	O	_	_	_
omnes	O	_	O	_	_	O	_	_	_
trahere	O	_	O	_	_	O	_	_	NoSpaceAfter
,	O	_	O	_	_	O	_	_	_
domum	O	_	O	_	_	O	_	_	_
alius	O	_	O	_	_	O	_	_	NoSpaceAfter
,	O	_	O	_	_	O	_	_	_
alius	O	_	O	_	_	O	_	_	_
agros	O	_	O	_	_	O	_	_	_
cupere	O	_	O	_	_	O	_	_	NoSpaceAfter
,	O	_	O	_	_	O	_	_	_
neque	O	_	O	_	_	O	_	_	_
modum	O	_	O	_	_	O	_	_	_
neque	O	_	O	_	_	O	_	_	_
modestiam	O	_	O	_	_	O	_	_	_
victores	O	_	O	_	_	O	_	_	_
habere	O	_	O	_	_	O	_	_	NoSpaceAfter
,	O	_	O	_	_	O	_	_	_
foeda	O	_	O	_	_	O	_	_	_
crudeliaque	O	_	O	_	_	O	_	_	_
in	O	_	O	_	_	O	_	_	_
civis	O	_	O	_	_	O	_	_	_
facinora	O	_	O	_	_	O	_	_	_
facere	O	_	O	_	_	O	_	_	NoSpaceAfter
.	O	_	O	_	_	O	_	_	EndOfSentence
5	O	_	O	_	_	O	_	_	_
Huc	O	_	O	_	_	O	_	_	_
accedebat	O	_	O	_	_	O	_	_	NoSpaceAfter
,	O	_	O	_	_	O	_	_	_
quod	O	_	O	_	_	O	_	_	_
L	O	_	O	_	_	O	_	_	NoSpaceAfter
.	O	_	O	_	_	O	_	_	_
Sulla	B-person	_	B-person	_	_	O	_	_	_
exercitum	O	_	O	_	_	O	_	_	NoSpaceAfter
,	O	_	O	_	_	O	_	_	_
quem	O	_	O	_	_	O	_	_	_
in	O	_	O	_	_	O	_	_	_
Asia	B-place	_	B-place	_	_	O	_	_	_
ductaverat	O	_	O	_	_	O	_	_	NoSpaceAfter
,	O	_	O	_	_	O	_	_	_
quo	O	_	O	_	_	O	_	_	_
sibi	O	_	O	_	_	O	_	_	_
fidum	O	_	O	_	_	O	_	_	_
faceret	O	_	O	_	_	O	_	_	NoSpaceAfter
,	O	_	O	_	_	O	_	_	_
contra	O	_	O	_	_	O	_	_	_
morem	O	_	O	_	_	O	_	_	_
maiorum	O	_	O	_	_	O	_	_	_
luxuriose	O	_	O	_	_	O	_	_	_
nimisque	O	_	O	_	_	O	_	_	_
liberaliter	O	_	O	_	_	O	_	_	_
habuerat	O	_	O	_	_	O	_	_	NoSpaceAfter
.	O	_	O	_	_	O	_	_	EndOfSentence
Loca	O	_	O	_	_	O	_	_	_
amoena	O	_	O	_	_	O	_	_	NoSpaceAfter
,	O	_	O	_	_	O	_	_	_
voluptaria	O	_	O	_	_	O	_	_	_
facile	O	_	O	_	_	O	_	_	_
in	O	_	O	_	_	O	_	_	_
otio	O	_	O	_	_	O	_	_	_
ferocis	O	_	O	_	_	O	_	_	_
militum	O	_	O	_	_	O	_	_	_
animos	O	_	O	_	_	O	_	_	_
molliverant	O	_	O	_	_	O	_	_	NoSpaceAfter
.	O	_	O	_	_	O	_	_	EndOfSentence
6	O	_	O	_	_	O	_	_	_
Ibi	O	_	O	_	_	O	_	_	_
primum	O	_	O	_	_	O	_	_	_
insuevit	O	_	O	_	_	O	_	_	_
exercitus	O	_	O	_	_	O	_	_	_
populi	B-collective	_	B-collective.ethnic	_	_	O	_	_	_
Romani	I-collective	_	I-collective.ethnic	_	_	O	_	_	_
amare	O	_	O	_	_	O	_	_	NoSpaceAfter
,	O	_	O	_	_	O	_	_	_
potare	O	_	O	_	_	O	_	_	NoSpaceAfter
,	O	_	O	_	_	O	_	_	_
signa	O	_	O	_	_	O	_	_	NoSpaceAfter
,	O	_	O	_	_	O	_	_	_
tabulas	O	_	O	_	_	O	_	_	_
pictas	O	_	O	_	_	O	_	_	NoSpaceAfter
,	O	_	O	_	_	O	_	_	_
vasa	O	_	O	_	_	O	_	_	_
caelata	O	_	O	_	_	O	_	_	_
mirari	O	_	O	_	_	O	_	_	NoSpaceAfter
,	O	_	O	_	_	O	_	_	_
ea	O	_	O	_	_	O	_	_	_
privatim	O	_	O	_	_	O	_	_	_
et	O	_	O	_	_	O	_	_	_
publice	O	_	O	_	_	O	_	_	_
rapere	O	_	O	_	_	O	_	_	NoSpaceAfter
,	O	_	O	_	_	O	_	_	_
delubra	O	_	O	_	_	O	_	_	_
spoliare	O	_	O	_	_	O	_	_	NoSpaceAfter
,	O	_	O	_	_	O	_	_	_
sacra	O	_	O	_	_	O	_	_	_
profanaque	O	_	O	_	_	O	_	_	_
omnia	O	_	O	_	_	O	_	_	_
polluere	O	_	O	_	_	O	_	_	NoSpaceAfter
.	O	_	O	_	_	O	_	_	EndOfSentence
7	O	_	O	_	_	O	_	_	_
Igitur	O	_	O	_	_	O	_	_	_
ii	O	_	O	_	_	O	_	_	_
milites	O	_	O	_	_	O	_	_	NoSpaceAfter
,	O	_	O	_	_	O	_	_	_
postquam	O	_	O	_	_	O	_	_	_
victoriam	O	_	O	_	_	O	_	_	_
adepti	O	_	O	_	_	O	_	_	_
sunt	O	_	O	_	_	O	_	_	NoSpaceAfter
,	O	_	O	_	_	O	_	_	_
nihil	O	_	O	_	_	O	_	_	_
reliqui	O	_	O	_	_	O	_	_	_
victis	O	_	O	_	_	O	_	_	_
fecere	O	_	O	_	_	O	_	_	NoSpaceAfter
.	O	_	O	_	_	O	_	_	EndOfSentence
8	O	_	O	_	_	O	_	_	_
Quippe	O	_	O	_	_	O	_	_	_
secundae	O	_	O	_	_	O	_	_	_
res	O	_	O	_	_	O	_	_	_
sapientium	O	_	O	_	_	O	_	_	_
animos	O	_	O	_	_	O	_	_	_
fatigant	O	_	O	_	_	O	_	_	NoSpaceAfter
:	O	_	O	_	_	O	_	_	_
ne	O	_	O	_	_	O	_	_	_
illi	O	_	O	_	_	O	_	_	_
corruptis	O	_	O	_	_	O	_	_	_
moribus	O	_	O	_	_	O	_	_	_
victoriae	O	_	O	_	_	O	_	_	_
temperarent	O	_	O	_	_	O	_	_	NoSpaceAfter
.	O	_	O	_	_	O	_	_	EndOfSentence
